composer,genre,lyricist,lyrics,singer,songTitle,metaphors,meaning
Sajad Hussain,"Classics,Movie Songs",Chandrarathna Manawasingha,ආදරියේ රුචිරාණනියේ ලියලනවා තව තව ශෝකේ වැලපෙනවා මා අද හිර ගේ ආදරියේ රුචිරාණනියේමගෙ ආදරියේ සුව නින්දේ රස සිහින වැලේ එතිලා හමනා සුළඟද මේ එන්නේ කවදද ඇයගේ මුව කමලේ ඔද වැඩෙන සිනා රසයේ ගිලිලා යලි මා සැනසෙන්නේහා හා ඇයි මේ සතුරු වැල මැද කඳුළු පෙරා සිහලුන් මේ ලොවේ නෑ නෑ ළත වෙන්නේ බල පා තෙද පා දැඩි එඩි පා මේ යදම් කඩා පුපුරා යන සේ කකියා යයි රුහිරේ,Mohideen Beg,Adariye Ruchirananiye – ආදරියේ රුචිරාණනියේ,"මගෙ ආදරියේ සුව නින්දේ, ඇයගේ මුව කමලේ","පෙම්වතිය මිය ගොස් ඇත, ඇයගේ ප්‍රසන්න මුහුණ"
Chamara Weerasinghe,Current Songs,Chamara Weerasinghe,අඩි සීයේ පාර ගාව දුටුවා නුඹෙ නීල දෑස සංකර නැති පිංකර ඇති නෙළුම් පොඩිත්තී මගෙ වාරේ ආපුවාම ආදරෙ ගැන විමසුවාම වහන් නොවෙන් කිසි දවසක කෝල හිතැත්තී සසර පුරා ඔබව සොයා ආව වගේ දැනෙන්නේ ආල නුරා කෝල කතා කවදද මට කියන්නේ අඩි සීයේ පාර ගාව දුටුවා නුඹෙ නීල දෑස සංකර නැති පිංකර ඇති නෙළුම් පොඩිත්තීවැව් ඉස්මත්තේ පිණිපොද වැස්සේ යනවිට වරලස විහිදාලා හදවත අස්සේ සිතිවිලි ගැස්සේ කොහොමද ඉන්නේ ඉවසාලා බලන්න හඳහන් ගලපා කියන්න කැමතිද කියලා රන් සඳ වැනි පින්කඳ මගෙ නෙළුම් පොඩිත්තීමල් මකරන්දේ බොල් පිණි නිල්ලේ සුව හද පතුලට ගෙන්වාලා මානෙල් පෙත්තේ සුසිනිඳු පැත්තේ රුව මා නෙතඟට කැඳවාලා බලන්න හඳහන් ගලපා කියන්න කැමතිද කියලා රන් සඳ වැනි පින්කඳ මගෙ නෙළුම් පොඩිත්තී+,Chamara Weerasinghe,Adi Seeye – අඩි සීයේ,රන් සඳ වැනි පින්කඳ මගෙ නෙළුම් පොඩිත්තී,"ඉතාමත් ලස්සන, අහින්සක ප්‍රේමවන්තිය"
Unknown,Old Pops,Unknown,ආදරේ...සිත සනසන ආදරේ සද සිසිලේ තරු එළියේ මද පවනේ හමු වෙනවද ආදරේ ලොව නලවන ආදරේ ආදරේ රස වෑහෙනා ජීවිතේ සනසා නිරන්තරේ යොවුන් හදේ හගුමන් පුබුදාලා වසන්තයේ කුසුම් විලේ බිගුන් මුවේ මධු බිදුවකි ආදරේ නිම් හිම් නැති ආදරේආදරේ හිත යා වෙලා වේදනා මවනා තෙමා නුවන් මවා සුසුම් කදුලක සැගවෙනවා කදු මුදුනේ මීදුම සේ බොදවන්නේ නෙතු රවටන ආදරේ ලොව හඩවන ආදරේ,Keerthi Pasquel,Adare Sitha Sanasana – ආදරේ සිත සනසන,මධු බිදුවකි ආදරේ නිම් හිම් නැති ආදරේ,"ආදරය යනු ඉතා වටිනා, අසීමිත දෙයකි."
R.Muththusami,Movie Songs,Karunarathna Abeysekara,ආදරේ මන්දිරේ සඳළු තල එළිවෙලා ජීවිතේ මී පිරී පිටාරය එයි ගලා+ +සුවඳ අරගෙන ඔබේ සුළඟ මා වෙත එබේ සුහද ඔබ කිම පමා සුසුම් වැල් යයි හමා+ +ගඟක බිහි වන සුළී වැනිය හද සිතුවිලි නයන සනහන පුරා කොහෙද මගෙ පෙම්බරා++ +++ +,Sujatha Attanayaka,Adare Mandire – ආදරේ මන්දිරේ,ගඟක බිහි වන සුළී වැනිය හද සිතුවිලි,"සිතුවිලි ක්ෂණිකව, ප්‍රබලව සිත තුල හට ගනී."
Namal Udugama,New Pop,Hemasiri Halpita,ආදරේ බිඳී හදවත වේදනා දෙනවා පාළුවේ තබා මගේ මේ දෙනුවන් හඬවනවා ජීවිතේ සදා වැළපේ වේදනා පිරිලා මා ඔබේ නොවේ කඳුළක් රහසින් පවසනවාආදරෙන් පැතු සියල්ල සුන් වුණේ වේදනා ගෙනෙන්න ඇයිද ළංවුණේ ජීවිතේම තනිවෙනවා වේදනාවේ වැළපෙනවාදෑස මෙන් සදා රකින්නෙමි කියා මා පැතු ඔයාම දේවී වේදනා පාළුවේම තනිවෙන්නම් වේදනාව විඳගන්නම්,Namal Udugama,Adare Bindee – ආදරේ බිඳී,දෑස මෙන් සදා රකින්නෙමි කියා,ඇස් දෙක යනු පුද්ගලයෙකුට ඉතා වටිනා අංගයෙකි. එපමන සෙනහසකින් සහ ආරක්ෂාකාරීව රැක ගනිමි.
C.T.Fernando,"Classics,Inspirational",Karunarathna Abeysekara,මේ ලෝකයේ සෑමා රසේ මූණේ ඔබේ බිළිදු පුතේ මගේබිළිඳා නැලවේ උකුලේ හිනැහේ මලසේ කැකුලේ මවගේ සෙනෙහේ පැතිරේ රුධිරේ කිරිවේ ඉතිරේදෝත නගා මොළවා සුර ලාළනියො එලවා ගීත අසා මවගේ නොදැනී නොහැඟී තුරුලේ පාද ගසා නටලා බිළිදා මතුවේ මිනිසා ලෝ දහමේ නගිනා බසිනා දුක සැප අතරේ වසනාසෑමදෙනා කැදවා පොදු ආදරයේ රදවා මූණ බලා සැමගේ නොදොඩා නොහඩා හිනැහේ ජීවිතයේ සිහිනේ සැනසීම තිබේ මුහුනේ මෑණී පියා දෙදෙනා බදිනා නිවසේ පහණයි බිළිදාමේ ලෝකයේ සෑමා රසේ මූණේ ඔබේ බිළිදු පුතේ මගේමේ ලෝකයේ සෑමා රසේ මූණේ ඔබේ බිළිදු පුතේ මගේ,C.T.Fernando,Bilinda nelawe – බිළිඳා නැලවේ උකුලේ,හිනැහේ මලසේ කැකුලේ,"ඉතාමත් අහින්සක, ප්‍රියමනාප පොඩි පුතු"
Stanley M Fernando,Golden Pop,Saman C Weerasinghe,බිඳුවක් ඉවසා අහන්න හිතවත අහන්න හිතවත ඈ මගේ පෙම්වතියයි කිසිදා නොලබන පෙමක් පතා ඔබ ඇය රිදවනු වැරදියි ඇය රිදවනු වැරදියිමා ඇය හඳුනා ගන්නට පෙර සිට ඔබ ඇය හඳුනා සිටි නමුදු ඔබට නොවේ ඈ මටයි පෙම් කලේ දුක් නොමදෙනු ලඳකට එබඳුකුරුළු කිරිල්ලන් කූඩු තැනූ පසු සිඳ බිඳ වනසා ලනු හරි නෑ සොයුරු පෙමින් ඔබේ ඇසුර පැතූ ඈ වරදක පොළඹන සිත යුතු නෑ,Punsiri Soyza,Binduwak Iwasa – බිඳුවක් ඉවසා,කුරුළු කිරිල්ලන් කූඩු තැනූ පසු සිඳ බිඳ වනසාලනු හරි නෑ,"ඉතාමත් ආදරයෙන් කාලය ගත කල, අනාගතය පිලිබද හීන මැවූ ප්‍රේමවන්තයන් යුවලක් වෙන් කිරීම"
Earni Pieris,Old Pops,Saman Chandranath Weerasinghe,බිංදු බිංදු කඳුළු බිංදු කොපුල් මත ගලා පින්න වැටුණු රෝස මලක් නෙතට ළං කළා මන්ද සිතා ගත්තේ මා සමු ගනියි කියා මන්ද සිතා ගත්තේ මා සමු ගනියි කියාරතු වෙලා හැඬූ දෙනයන යට මේ තරම් සිතක් මා නිසා තිබුණු බව දැනුණේ ඒ වෙලෙයි මටත් මේ හිතත් එහෙමමයි මට වෙන කවුද ඔබ මිසක් මේ හිතත් එහෙමමයි මට වෙන කවුද ඔබ මිසක්ආදරේ විසුළ නිම්නය හැර දමා වෙන අතක් මා ඔබේ ලොවින් පියමැන්නේ නෑ නිමේෂයක් මේ අදත් එහෙමමයි දුන මැන සුවඳ මදහසක් මේ අදත් එහෙමමයි දුන මැන සුවඳ මදහසක්,Kithsiri Jayasekara,Bindu Bindu – බිංදු බිංදු කඳුළු බිංදු,"සුබ පැතුම් අගාධයේ ගීතිකා ඇසේ, මා හද සෑය දවා දෑස නිවා ","නව යුවලගේ විවාහ උත්සවය කලින් පෙම්වතාට පෙනේ, ඇයගේ හා  මගේ ප්‍රේමය අවසන් වේ."
Rohana Weerasingha,"New Pop,Request",Kularathna Ariyawansa,බැස යන සඳ දෑසින් නවතාලන්නට බෑ පරවෙන මල දෝතින් වලකාලන්නට බෑ ඔබ බැස යන සඳ නම් ඔබ පරවෙන මල නම් ‍ රැක ගනිමිද කෙලෙසින්..නන්නාදුනන දෙසින ගිමනට සිසිල ‍රැගෙන අවුදින් සිරුරේ දැවටී පවනැල් රහසේ හැරයයි ඔබ ඒ සුළඟ වගේ නම් රඳවාගන්නද කෙලෙසින්මන්දාකිණිය ගලන නිසසල ‍රැයට මැවෙන තරුමල් අඹරේ හිනැහී මැදියම් අදුරේ සැඟවෙයි ඔබ ඒ අහස වගේ නම් හඳුනාගන්නද කෙලෙසින්,Namal Udugama,Basa Yana Sanda – බැස යන සඳ,"ඔබ බැස යන සඳ නම්, ඔබ පරවෙන මල නම්","ඔබ ප්‍රේමයට වංචාවක් කලා., ඔබ ප්‍රේමයට වංචාවක් කලා."
Rookantha Gunathilaka,Old Pops,Rookantha Gunathilaka,බඹර පහස ලබන මලක් දෝ බඹර සුවය සොයන මලක් දෝ කිමදෝ උදෑසනේ නොපිපී සිනාසුනේ බඹර පහස ලබන මලක් දෝ බඹර සුවය සොයන මලක් දෝලස්සනයි මගේ නගේ ඔයා ගස්සලා බලන්නෙ ඇයි ඔයා ඇස් වලින් දොඩන්නෙ ඇයි ඔයා මට හිතෙන්නෙ ආදරෙයි ඔයාඅද උදෙත් හිනාවෙලා ගියා මට නොකී කතා කියා ගියා මා සිතුම් පැතුම් බිඳී ගියා ඒ උනාට හිත අරන් ගියා+,Rookantha Gunathilaka,Bambara Pahasa – බඹර පහස,"බඹර පහස ලබන මලක්දෝ ,බඹර සුවය සොයන මලක්දෝ ","ඔබ දැනටමත් පෙම්වන්තියක්ද?, ඔබ ආදරය සොයනා කෙනෙකුද"
Melodians,Old Pops,Upali Aththanayake,බලන්න බලන්න අරුණ සමඟ ලොවක පිපෙන බඹරු ගණන බලන්න මලක නොරැඳි මලට රොනට බඹරු ඇදෙන විඳින්න සතුට සැපත මිහිරි දිවිය ඔබට ගෙනෙන බලා නොඉන්න ආදරේ සොයා ඔබත් ඇදෙන්නයුගෙන් යුගය සතුට සැපත සොයා සොයා මිනිස් මොළය අහස පොළොව අබිබවා ගියා මලින් මලට ඇදෙන බඹරු නොදැක ඇසි පියා බලන්න බඹර තුඩක මලක රහසකොහෙන් පැමිණ කොහේ යම් ද දන්නේ නෑ එදා හොඳට මෙදා හොඳට පැති නොදන්නේ නෑ සදාතනික සතුට සැපත අපට එන්නේ නෑ සොයන්න මොට ද නොතිර ලොවක රහස,Vijaya Kumarathunga,Balanna Aruna Samaga – බලන්න අරුණ සමඟ,බලන්න අරුණ සමග ලොවට පිපෙන තඹරු ගණන,සැමදාම සුබවාදී විදියට දකින්න
Marians,"Group Songs,Request",Marians,බැලුවත් ඇති ඔයා දිහා නංගෝ සිත සැනසුම ළඟට ගේනවා ඔබ ගැන මම දන්නෙත් නෑ නංගෝ සිත කැමතියි වාගෙ දැනෙනවා මුව අද්දර ඔය සිනහව මටදෝ සිත ඉල්ලන රුව ද සිතෙනවාදිළිසෙන ඔය ඇස් දෙක මට රුවණ්පුරේ මැණික් කැට වගේ සිනා පුරන දත් පෙල මට සලා පුරේ මුතු ඇට වාගේලස්සන ඔය තොල් හැමවිට තිසා වැවේ නෙලුම් පෙති වගේ ඔබේ නීල වරලස මට දුන්හිඳ දිය ඇල්ල ම වාගේ,Nalin Perera,Baluwath athi – බැලුවත් ඇති,"දිළිසෙන ඔය ඇස් දෙක මට රුවණ්පුරේ මැණික් කැට වගේ, සිනා පුරන දත් පෙල මට සලා පුරේ මුතු ඇට වාගේ","ඉතාමත් දීප්තිමත් ලස්සන ඇස්, ඔබගේ සිනහව මිල කල නොහැක"
Unknown,Current Songs,Unknown,බැද්දට සඳ වගේ ගෝමරි මල් මද කැකුළියේ රන්දා පාහිතේ නැනී රන්කඳ වී මගේ මං බැද්දේ ගොහින් බමර කොටක් ගෙනැල්ලා දෙන්නම් ගම් බැද්දෙ ගොහින් ගෝතම් පොජ්ජක් ගෙනැල්ල දෙන්නම් බැද්දට සඳ වගේ ගෝමරි මල් මද කැකුළියේ රන්දා පාහිතේ නැනී රන්කඳ වී මගේමහ හූරෝ සහේට ගන්නට හැදුවට යන්ට එපා උඹ යන්ට එපා හිත්ලෑව මේ ඇත්තෝ අහක දමාමහ බල ඇති කළු බණ්ඩාර දෙවියන්ට යදිනවා මං යදිනවා මගෙ නෑනි සහේට ගන්ට හිතා,Chamara Weerasinghe,Baddata sanda wage – බැද්දට සඳ වගේ,බැද්දට සඳ වගේ ගෝමරි මල් මද කැකුළියේ,ඉතාමත් ලස්සන යුවතිය
Rohana Weerasingha,New Pop,Shantha Kumara Vithana,ආයුබෝවන් පෙම්බරාණනි ඔබට සුභ දවසක් දුකක් නොරැඳෙන හෙටක් වෙණුවෙන් සුසුම් සුභ පැතුමන් ඔබට සුභ දවසක්පැනින් නහවා ඇඟිලි ගෙල වට රනින් තැලි පළඳා + සසර ඉම තෙක් එක්ව ඉන්නට ආදරෙන් කොඳුරා අතින් අත බැඳුනාහාදු තැවරූ රෝස කම්මුල් රළු අතින් පිසවා + දෙතොල ඉකිලන සුසුම් කැඳවන රුදුරු බස් බණවා නෙතු කඳුළු පුරවාඔබෙන් රිදවුණු නෙතින් ගිලිහුණු කඳුළු පැන් කළසක් යහන පාමුල විහිදුවා යමි ඔබට සුභ දවසක් ඔබට සුභ දවසක්+,Deepika Priyadarshani,Ayubowan Pembaranani – ආයුබෝවන් පෙම්බරාණනි,කඳුළු පැන් කළසක් යහන පාමුල විහිදුවා යමි ඔබට සුභ දවසක් ඔබට සුභ දවසක්,ඔබ මා හැර ගිය නමුදු ඔබට අවංකව සුබ පතනවා
John De Silva,Classics,John De Silva,ඇයි තරහෙන් මාන්නකාරී පලා දුවන්නේ දමලා මා මෙහි පලා දුවන්නේ දමලා මා ඇයි තරහෙන්ඉවසිලිවන්තී කෝප නොවේවී ශාන්ත දාන්ත වේ කෝපය නෑ නෙත බැලුවම තීගේ කෝපය නෑ නෙත බැලුවම තීගේ සන්සුන් ලීලාවෙන් තිබේ සැදී තිබේ ස්වභාව සේවේ එපාය මිතුරී ගැන සංචල් සකිඑපාය මිතුරී ගැන සංචල් ඇයි තරහෙන්කවට කමින් මා ඇස් රතු වෙච්චී ශාන්තවන්තියගේ අල්ලා ස්වාමිනි දකුණත ඈගේ අල්ලා ස්වාමිනි දකුණත ඈගේ ඉල්ලා දෙන්න සමා නෙතේ නැතේ එ කෝප බැල්මා සිත්හි පවතී තද කෝපා ඇගෙ සිත්හි පවතී තද කෝපා ඇයි තරහෙන්,Lakshman Wijesekara,Ayi Tharahen – ඇයි තරහෙන්,කවට කමින් මා ඇස් රතු වෙච්චී,කපටි කමින් ඔබ මා හැඩ වුවද
Sanath Nandasiri,"Golden Pop,Request",Ranjith Pieris,ඇයි නාවෙ මා සොයලා සිතේ සංකා මවා තියා ඇයි නාවේ සොයා+කී දේ කළ දේ දැන හිටියේ මා පමණයි අවසානෙ දුක යැයි මා හට දැනුණේ පසුවයි ඇයි මා... ඇයි මා තනිකළේ ඔබ වැරදී මා නොවෙයිසොඳුරේ ඔබගේ ප්‍රේමෙ පතා මා හිටියේ ඇයි මේ වගේ දුක්‌ සාගරයක මා හෙළුවේ ඇයි මා... ඇයි මා තනි කළේ ඔබ වැරදී මා නොවේ++,Romles Perera,Ayi Nawe Ma Soyala – ඇයි නාවෙ මා සොයලා,ඇයි මේ වගේ දුක්‌ සාගරයක මා හෙළුවේ,මෙවන් විශාල දුකකට පත් කර
Mihira S A,"Current Songs,Request",Ramani Priyangika,යනෙන මග තොට දහක් අතරේ නුබේ රුව සොය සොයා වෙහෙසෙන ඒ නුබයි සිත සිතා රැවටෙන නපුරු බැල්මක අයිතිකාරිය මං අයිතිකාරිය මංදහක් හිටියත් අඩුව නුබ විය අන් කවුරුවත් දන්නවද එය කෙනෙක් විමසා අසන්නේ නුබ කෙලෙස කිව මැන මං අයිතිකාරිය මංලොවට රහසින් පෙම් කලා මිස කාත් කවුරුත් නොමැති මා හට මගෙන් විමසා අසන්නේ මම නුබව නැති අද මං අයිතිකාරිය මං,Kalhari Rajapakshe,Ayithikariya man – අයිතිකාරිය මං,නපුරු බැල්මක අයිතිකාරිය මං,මට පෙම් නොකරනා පුද්ගලයෙකු වෙනුවෙන් බලා සිටී
Thilina Ruhunuge,New Pop,Rachita Wakishta,පෙනෙන නොපෙනෙන දුරක ඉදන් නුඹ ඇවිත් හිත ලඟට හොරෙන් ආවාට නොකියාම ජීවිතෙන් නවතින්න හිතුවාද ආයෙමත් ආදරෙන්දකින හිමිවන හීනේ නුඹ කොතැන හිටියා මතක සැමරුම් අතරේ ජීවිතය තිබුනා හඩන නිනැහෙන නෙත් නුඹේ උරහිසේ තිබුනා ඇත්තමයි නුඹ අහසක් වගේ මයි හිතුනානුහුරු නුපුරුදු හීන අරන් ළඟට ඇවිදින් තුරුළු වෙමින් ආවාට නොකියාම ජීවිතෙන් නවතින්න හිතුවාද ආයෙමත් ආදරෙන්මිරිඟුවක හිත තියලා නුඹ දුරක ඇදුනා රන්චු ගැහෙනා රෑනේ තනිකමක් දැනුනා ඇසිල්ලක දුටු හීනෙන් හිත හුඟක් රිදුනා අරුත නොදකින සෙනෙහේ ඔය නමත් රැඳුනා,Athma Liyanage,Ayemath Adaren – ආයෙමත් ආදරෙන්,"ඇත්තමයි නුඹ අහසක්, වගේමයි හිතුනා",නුබව අසීමිතව දැනුනා
R.A.Chandrasena,"Old Pops,Request",M.S.Fernando,අවුදුරු පණස් තුනයි වයස බැලු බැල්මට කියන්න බෑ තාමත් කොල්ල වගේ ඉන්නේ හැට පැන්නත් නැකි වෙන්නෙ නෑසුළු දෙයක්නෙ තවම ඔහෙල මේක දන්නෙ නෑ + නාකි නොවී ඉන්න රහස හංග ගන්නෙ නෑ කියල දෙන්න තෑගි බෝග ඕන වෙන්නෙ නෑ ලේසි පහසු දෙයක් නොවේ හිතුවොත් බැරි නෑපුහු මැනෙන් ඉදිමුන සිත පිරිසිදු වෙන්නෑ + අමනාපෙන් වෙන්වූ විට සිතට සතුට නෑ සිතේ සතුට නැතිදා සැනසීම සිතට නෑ සිත පිරිසිදු අය කවදත් නාකි වෙන්නෙ නෑ+,M.S.Fernando,Awurudu Panas Thunai – අවුදුරු පණස් තුනයි,තාමත් කොල්ල වගේ ඉන්නේ,"තවම තරුණයෙකු මෙන් කඩවසම්ව, ශක්තිවන්තව සිටින්නේ"
Nissanka Wimalasooriya,Calypso,Suvinton Fernando,ආවේ වනබඹරෙක් වාගේ හද මල වෙතට ඔයාගේ පෙම් ගී නාදය ඔබගේ හදවත සනසයි මාගේ ලස්සන ඔබ වෙයි මාගේ මිණි මුතු සේ ඔබව මට අගේ ඔව් හැම දිනම මා ඔබේ මිණි මුතු සේ ඔබව මට අගේආවා පෙම්බර රැජිණි කියාලා පෙම් ලොව රජ මාලිගයේ මම ඔබ ළඟ සිටිනෙම් සැමදින ඔබ රකිනෙමි ඔබ පෙම් රැජින වේ ප්‍රියේමා හා සතුටින් සිනාසෙන්නකෝ පිපි පෙම් කුසුම මා හදේ මගෙ හදවතට හොරා ගති මගෙ දෙනෙත දරා බැල්ම ද මගෙ දෙනෙත රැදේවාගේ පුන්සඳ පායනව වගේ පෙම් රජදහන ඔප නැඟේ ඔබ ළඟ සිටිනවනම් ඔබ මා හට සතු නම් නැත සඳ එළිය මට අගේ,Paul Fernando,Awe Wana Bambrek wage – ආවේ වනබඹරෙක් වාගේ,මිණි මුතු සේ ඔබව මට අගේ,ඔබව අමිලව වටී
M.K.Roksami,"Classics,Duets,Movie Songs",Karunarathna Abeysekara,ඇවිල්ල ඇවිල්ලා සිංහල අවුරුද්ද ඇවිල්ලා වරෙල්ල වරෙල්ලා වැල්ලෙ පදිමු රන් ඔන්චිල්ලාකොවුලා බටලී පිඹිනව කොට්ටෝරුව බෙර ගහනව ලේනා ගසයි කයිතාලම අවිච්චියා එහි නටනවකැවුම් කොකිස් මුං අළුවා කිරිබත්වල රස බැලුවා ගමේ ළඳුන් කොමල පපා උදේ රබානක් පැලුවාඅබුන් කටයි සුබ නැකතයි දෙගුරුන් හට බුලත් අතයි ලැබූ අලුත් අවුරුද්දේ කිරි ඉතිරෙයි අපට සෙතයි,Latha Walpola,Awilla awilla – ඇවිල්ල ඇවිල්ලා,කොවුලා බටලී පිඹිනව කොට්ටෝරුව බෙර ගහනව,අවුරුදු කාලයේදී කුරුල්ලන්ගෙන් ඇසෙන් ශබ්දය විස්තර කරයි
Unknown,"Old Pops,Request",Unknown,අවසන් සැඳැවයි දෙදෙනා හමු වූ මින් මතු නෑ අප හමු වන්නේ දෛවය ළං කළ අප දෙදෙනාදෝ වෙන් වී යන්නට සැරසෙන්නේඔබගේ සුන්දර සමනළ ලෝකය බිඳලන්නට බැහැ කුරිරු වෙමින් කඳුළු දරාගෙන වෙන් වී යන්නට සමුදෙනු මැනවී සුහද සිතින්ඉඳ හිට මග තොට හමුවන මොහොතක ඉවත බලාගෙන යන්න එපා මේ සංසාරෙදි මා නොපැතූවත් එය හඟවා රිදවන්න එපා,Lalith Ponnamperuma,Awasan Sandawayi – අවසන් සැඳැවයි,ඔබගේ සුන්දර සමනළ ලෝකය,"ඔබගේ අහින්සක, විචිත්‍රවත් අනාගතය"
Rohana Weerasingha,Old Pops,Kularathna Ariyawansa,අවපස අහසක තරු ලකුණක් සේ අපමණ සයුරක තුරු දසුනක් සේ දිගු දිවි ගමනේ ඉම ඔබ රැඳුණේමාවත අවහිර නිමවා දළ රළ පෙල සැතපෙනවා සැළමුතු සෙනෙහස මඳ පවනක් වී ගැඹරේ නිම මුමුණනවාදෝතක අසෙනිය ගවසා ඔබ පෙරමඟ හිනැහෙනවා විකසිත සිහිනේ සුබ කවියක් වී දෙනෙතේ සිත ලියැවෙනවා,Sunil Edirisinghe,Awapasa Ahasaka – අවපස අහසක,අවපස අහසක තරු ලකුණක් සේ අපමණ සයුරක තුරු දසුනක් සේ,සදාකාලිකව පවතින
Priyantha Nawalage,Current Songs,Janajeewa Wehalla,ඈතින් ඈතට ඈතින් ඈතට ඈතින් ඈතට ගියා මා ලඟ තිවු සිත අරන් ගියා සුවඳ වත් මා ලග‍ නොතියා අමතක කරලන්නම් කියා ගියා ඔය ඇස් අමතක වෙන්න නම් මගේ ඇස් පිය වෙන්න වෙයිසීතල වැහි බිංදු සේම කදුළු කඩා හැලෙනවා නිමක් නොවේ පොළව ඉහිලුවත් ඒ වැහි බිංදු කදුළු ගලන්නට ඉඩ මදිලු ඔය ඇස් අමතක වෙන්න නම් මගේ ඇස් පිය වෙන්න වෙයිජීවිතයේ මඟ ම‍ට හරි නුහුරු ඉර බටු තරුවයි මග පෑදූ ඈතක ගිය තරුවක මා දැවටි පැතුම් පතාවී මග තනිවී ඔය ඇස් අමතක වෙන්න නම් මගේ ඇස් පිය වෙන්න වෙයි,Chamara Weerasinghe,Athin Athata – ඈතින් ඈතට,සීතල වැහි බිංදු සේම කදුළු,ඉතා දුකින් කඩා හෙලෙන කදුලු
Priyantha Nawalage,Current Songs,Chathura Geethanath,ඇතුගල වෙහෙර වඳින ඇත්කඳ ළිහිණි රෑන නුඹ ගැන කියන වචන උහුලාගන්න බැරුව ඇත්කඳ වෙහෙර මළුවෙ මං හැඬුවෙමි දුකට රත්තරන් ඇත්කඳ වෙහෙර මළුවෙ මං හැඬුවෙමි දුකට රත්තරන්රන්තාලිය වැව ළඟ උන් කාලය මතකද අතීත මතක අරන් නුඹ ගිය දුරක තරම වැව පාමුල ඉඳගෙන මං හැඬුවේ දුකට රත්තරන්ඇතුගල කන්ද තවම සඳ සිපගන්න තරම දැක දැක ඉන්න බැරුව මගෙ හිත ගිණි වැදුණම කුරුණෑගල අහසත් දැන් හඬාවි දුකට රත්තරන්,Chamara Weerasinghe,Athugala Wehera – ඇතුගල වෙහෙර,මගෙ හිත ගිණි වැදුණම,මගේ හදවත ඉතා දුකට පත් වී ඇත.
Sanath Nandasiri,"Classics,Request",Sunil Sarath Perera,ඈත එපිට ගම්මානෙන් නැග එන බටලී හඬ අතරේ ඉතාම දුක්බර කවියක් මතුවෙද ඇය නිදි නොමැති පැලේමලානිකව හඳ එලිය ගලා එන අම්බලමක හෙව‍ණේ බලා හිඳිමි ඔබ හිඳින විමන් දොර දැල්වෙන එළිය බඳේවේදනාව නෙතු අගට ගලාලා ඉකිලන නිහඬ රැයේ නීල නුවන් තරු කැට බොඳ වෙනවා කාටත් හොර රහසේ,Sanath Nandasiri,Atha Epita – ඈත එපිට,නීල නුවන් තරු කැට බොඳ වෙනවා,ඇය හඩා වැටෙනවා
Mahinda Bandara,"Duets,New Pop",Nilar N Kasim,ඈත වන්නියේ ගුරු ගෙයි පාර අසා නුඹෙ ඉසව්වට එන්නට හිතෙයි ළමා සාර සියක් දොම්නස් මැද දෝර ගලා ඔය උණුහුම මට දැනුණේ දෝස නසාරේණු සුවඳ අහසට බොඳවී යා නම් සීත හිමේ මල් නො පිපී පරවීයන් කීරි ගැහෙන හිත තිස්සෙම කකියයි නම් මූණ නුඹේ නොදැක කෝම වෑවෙන්නෙම්හීන් හඳට තරුවක් වත් නැති වේ නම් රෑ පුරාම ඇයි ඇහැරී සැඟවීයන් පුර පෝයට මං එනතුරු ඉවසාපන් රෑ නාඬා නිදි හීනෙට ඉඩ දීපන්,Abeywardhana Balasooriya,Atha Wanniye – ඈත වන්නියේ,හීන් හඳට තරුවක් වත් නැති වේ නම්,තනිකම සංකේතවත් කරයි
Pandith Amaradewa,"Golden Oldies,Movie Songs",Mahagama Sekara,ඈත ගව් ගණන් දුරින් ලෝකයේ නොයෙක් රටින් පාවෙවී ආ වලාසිතා දෙව් ලියන් මැවූ විලාසිතාආරිච්චි බෝරිච්චි කම්බි කූරු බොල මාල ඒ අතට මේ අතට අඟර දඟර සරුංබෝල ආරිච්චි බෝරිච්චි කම්බි කූරු බොල මාලසරසවාලා හැඩ දමාලා පාට කරලා මේ බලන්න ආරිච්චි බෝරිච්චි කම්බි කූරු බෝල මාල සරසවාලා හැඩ දමාලා පාට කරලා මේ බලන්න ඒ අතට මේ අතට අඟර දඟර සරුංබෝල ආරිච්චි බෝරිච්චි කම්බි කූරු බොල මාලපුංචි ලංකා දීපයේ පැංචියන් ලවා අපේ පාවෙවී ආ වලාසිතා දෙව් ලියන් මැවූ විලාසිතාපත්තරෙන් ඇවිත් මෙහේ ඇත්ද යම් කෙනෙක් ගන්න ගන්න මාගෙ රූපෙ මං ෆොටෝජිනික් නම ද ගම ද වයස එක්ක පින්තූරෙ විස්තරේ පත්තරේට වැටෙනකල් අනේ රෑට නින්ද යන්නෙ නෑ අනේ++ + +,Narada Disasekara,Atha gau ganan / Arichchi borichchi ඈත ගව් ගණන් / ආරිච්චි බෝරිච්චි,දෙව් ලියන් මැවූ විලාසිතා,"ඉතාමත් අලංකාර, විචිත්‍ර විලාසිතා"
Nalaka Anjana Kumara,"Classics,New Pop",Pallegama Hemarathana Himi,අතීතය සිහිනයක් පමණයි සැබෑ සුවඳක් නැ එදා සෙනෙහෙන් නොබැදුනානම් මෙදා වියොවක් නැතැනූ මන්දිර බිදී වැටුනත් නෙතේ කදුලක් නැ සිනහවෙන්නට වරම් නොලදත් හිතේ කිළුටක් නැසොබා දහමට නොවන අවනත ලොවේ කිසිවක් නැ ලොවේ පැරදුම මිසක කිසිදා ලැබූ දිනුමක් නැ,Karunaratna Divulgane,Atheethaya Sihinayak – අතීතය සිහිනයක් පමණයි,තැනූ මන්දිර බිදී වැටුනත් නෙතේ කදුලක් නෑ,අනාගත බලාපොරොත්තු සුනු වී ගොස්
Rohana Weerasingha,Classics,Wasantha Kumara Kobawaka,ඇති දේ ඇති සැටියෙන් ලොව දකින මිනිස්සු ලද දේ සිත සතුටින් විඳ වෙසෙන මිනිස්සු + පොළවේ මිහි සයනේ ගොඩ නැගු මිනිස්සු කරුමේ කිම වඳ වෙන හිරු සදිසි මිනිස්සුපොළවේ බිම අහසේ ඉම බෙදන ලෝකයේ දහමේ ගුණ පත් ඉරු තුළ නිදන යාමයේ + ඉදහිට හෝ සපැමිණ සිත් සතන් සැනැස්සූ කරුමේ කිම වඳවෙන මල් සදිසි මිනිස්සුඉතිරී ගිය ඉසුරින් නෙතු වැසුනු කාලයේ දිවියේ දුක විඳිනා දන නොදුටු ලෝකයේ + සෙත් කවි සේ ළඟ සිට සිත් සතන් සැනැස්සු කරුමේ කිම වඳවෙන සඳු සදිසි මිනිස්සු+,Lakshman Wijesekara,Athi de athi satiyen – ඇති දේ ඇති සැටියෙන්,දහමේ ගුණ පත් ඉරු තුළ නිදන යාමයේ,දර්මය පිලිහී පොත පතට පමණක් සීමා වී ඇත
Rohana Weerasingha,Classics,Kumaradasa Saputhanthri,ඇසුවේද කවුරුන් හෝ නුඹෙන් හැඬුවේ ඇයි ද ප්‍රේමේ නමින් විමසා නැතිද කිසිදා ඔබත් කඳුලින් තුරන්වූ ප්‍රේමයක්සතුටේ උපත කඳුලයි සදා හද වේදනා දෝතින් ගෙනා පවනේ සිසිල සුසුමයි සිතේ පෙම් ප්‍රාර්ථනා විදදා ගෙනාපිපි මල් මතින් පියමන් කලෝ දිනුවේද කවදා ප්‍රේමයෙන් විදි වේදනා සතුටින් දරා පැරදී ගියේ කවුදෝ එයින්,Sunil Edirisinghe,Asuweda Kaurun Ho – ඇසුවේද කවුරුන්,කඳුලින් තුරන්වූ ප්‍රේමයක්,එක් වීමට නොහැකි වූ ප්‍ර්‍රේමයක්
Mervin Perera,New Pop,Upali Dhanawalawithana,අශෝක මාලා මමයි ස්වාමිනී අශෝක මල් වනයේ රනේ රුවට රූ සපුව දිලෙන මුත් මා චණ්ඩාලියකී මා...චණ්ඩාලියකී නොලැබෙන පෙමකට හඬා පලක් නෑ. එපා රජුණි මට රාජ සුවේ තල් අතු මැදුරයි..මේ වන අරණයි.. අපට අගේ අපෙ..හීන කුලේරජකුල පෙළපත එයින් කමක් නෑ.. එන්න එපා..අතු පැලට මඟේ ඈතින් දිදුලන හඳට වඩා මට.. ලඟ ඉන්නා ඝණඳුරයි අගේ+,Chandralekha Perera,Ashoka Mala – අශෝක මාලා,රනේ රුවට රූ සපුව දිලෙන මුත්,ඉතා අලංකාර ශරීරයක් හිමි
M.S.Fernando,"Calypso,Golden Oldies",M.S.Fernando,අසෝක මල් මාල නෙළාලා අසෝක මල් උයනට වැදිලා සෝක නිවන ගීත ගයාලා ඔබ කවුරුද කියන්න මාලාබලන්න ලක්ෂනයි වනයේ පිපුණ මලට දෙවෙනි නෑ වගෙයි සුරංගනාවියක්ද මේ කියන්න ආදරී කවුද මෙ ඔබ තනිව වනේ ගී ගයා ප්‍රීති වෙලා ප්‍රීති වෙලාඔබේ දුගී පැලේ සතුට සැපත මිහිරි සුවය ඇත ළදේ නැතේ ම රාජ මංදිරේ.. නොයන්න ආදරී ප්‍රේමණීය පෙම්වතෙක් දුකේ තියා එපා එපා රජ සැපාලියාවි සිංහලේ ඉතිහාසේ අපගෙ පෙම් කතන්දරේ උනොත් මගේ ප්‍රියම්බරී අසෝක මාලියේ සාලි කුමරු මම වෙමි ත්‍රී සිංහලේ මනාලියේ මනාලියේ,M.S.Fernando,Ashoka Mal Mala – අසෝක මල් මාල,සුරංගනාවියක් ද මේ,"ඉතා අලංකාර, ප්‍රීතිමත් කාන්තාවක්"
Gunadasa Kapuge,"New Pop,Request",Mahinda Dissanayaka,ඇසට අසුවන මායිමේ බඹර සැණකෙළි මල් විලේ ලසෝ ලැව් ගිනි ඇව්ලුනා සිත ඔබ මගෙන් වෙන් වූ දිනේසියපතක් මත විසුල පිණි කැට සැඩ සුළං වැද සර සරින් හෙත මගෙන් රිදවුම් දෙවුණු මොහොතක ඔබේ වත මට නැගෙයි සිහියටසතර අත පෙති විහිද විකසිත මලේ මල් මී මමණයුරු දැක ඔබේ ලවනත සැදුන මීවිත මත් කලා මතකයි මගේ සිත,Karunaratna Divulgane,Asata Asuwana – ඇසට අසුවන,ලසෝ ලැව් ගිනි ඇවිලුනා සිත,ඉතා දුකට පත් විය
Victor Rathnayaka,"Buddhist songs,Inspirational,Request",Premakeerthi De Alwis,අරුණළු ඇතිරෙන‍ හිමිදිරි යාමේ සිතුවිලි පව්වේ පෙරදිග අහසේ හිමියනි මම බුදුරැස් දැක ගත්තෙමි හිමියනි මම බුදුරැස් දැක ගත්තෙමිකළුවර ගොමුකොට ගිමන් දවන මඟ ගමන් කළෙමි දුර සසර පුරා… පස්කම් සම්පත් එක්තැන් කරගෙන ගමන් කළෙමි දුර සසර පුරාමහ කරුණාවේ සිලිල ගලා එන බුදු හිමියනි ඔබෙ මෙත් දහරේ… නැහැවෙමි සසරෙහි කෙලෙස් මුදා හැර බුදු හිමියනි ඔබෙ නෙත් දහරේ,Victor Rathnayaka,Arunalu athirena – අරුණළු ඇතිරෙන‍,කළුවර ගොමුකොට ගිමන් දවන මඟ ගමන් කළෙමි දුර සසර පුරා…,දුකක් වූ සසරේ මෙතෙක් ගමන් කලා
Senaka Batagoda,"Current Songs,Group Songs,Request",Senaka Batagoda,සී සී කඩ විසිරුණු සිතිවිලි දිය බුබුලේ නලියන පෙණ කැටි වා..ගේ..නැතිවැ හුදකලාවෙ තනිවී සිටියම... සිහින ආකරේකට වැටුනා වගේ...නිමක් නෑමොහොතින් මොහොතට ගෙවෙනා කාලය.. දැනෙනවා කාටත් එක විදියට.. ගිනියම් ඉර....සඳ සිසිලස.... අතරේ හොයනව හොයනවා මේ අපි කවුරුද... ගී ඇති ලොව...සිතුවම් කල... අතරේ අහනව බලනවා මේ අපි කවුරුද...ඉර බැස යන ගොම්මන් යාමේ.. තරු එක දෙක දිලිසෙන කළු ආකාසේ..හෝ... ගලා හැලෙන රිද්මේ නැහැවී... ඇදි යන්නෙ ඈතින් ඈතට පාවී..සුලග සේ..,Wayo,Api Kawuruda – අපි කවුරුද,දිය බුබුලේ නලියන පෙණ කැටි වා..ගේ,අවිනිශ්චිත බව
Victo,Classics,Ajantha Ranasinghe,අපි ආයෙත් හමු නොවුණා නම් ඉස්සර දවසක මිය ගිය සෙනෙහස යළි ඉපදී මා හද හඬවන්නට අපි ආයෙත් හමු නොවුණා නම්ඔබ නාඳුනනා විරහ වේදනා පෙරදා වින්දේ මා පමණයි හුඟ කලකින් හමුවී සෝ ළතැවුල් අදත් විඳින්නේ මා පමණයිසමුගන්නට නම් අහිමි ආදරෙන් ආයෙත් ඇයි අප හමුවන්නේ ආදරයේ කඳුළින් මිය යන්නද ජීවිත ඉරණම විසඳෙන්නේ,Somathilaka Jayamaha,Api Ayeth Hamu – අපි ආයෙත් හමු,ඉස්සර දවසක මිය ගිය සෙනෙහස යළි ඉපදී මා හද හඬවන්නට ,ප්‍රේමයෙන් සිට වෙන් වූ යුවලකගේ හමු වීම
Namal Udugama,"New Pop,Request",Dharmarathna Perera,අප හමුවීම වෙන්වීම දෝ ආදරේ මට රිදවන්නෙපා ආයේ සංසාරයේ මතු හැමදාම පැතුසේම ඔබ ආදරේ මේ අද වාගේ කඳුලින්ම වෙන්වී නොයන්පෙම්වන්තියේ මා හැඬුවා දරා ප්‍රේමේ නමින් වේදනා ඒ සිත යාමේ සැමරුම් කියා ලියවේවි මගෙ චේතනාරන් තාරකාවෝ දිලුණා එදා ගෙනදී නැවුම් කල්පනා මේ ආදරේ නාමයෙන් වේදනා මතුදා ගෙනේ ප්‍රාර්ථනා,Namal Udugama,Apa Hamuweema Wenweema – අප හමුවීම වෙන්වීම,රන් තාරකාවෝ දිලුණා එදා ,සතුටින් කල් ගත කලා
Rohana Weerasingha,New Pop,Bandara Ahaliyagoda,අන්න බලන් ඉදිකඩ ළග කොක්කු රෑන වගේ ඇවිත් පුන්චි එවුන් නුඹ එනකල් පාර බලන්නේ හීන් සැරේ ගිහින් උන්ට එකතු වෙයන්නේපුන්චි දුවේ නුඹ යනකොට සුදු පාටින් ඉස්කෝලෙට + පුන්චි මගේ අතීතයේ මං තනිවෙනවා දන් දෙනි මැද දෙවැට දිගේ දොළ පාරින් එතෙර වෙලා මගේ හිතින් මං ආයෙත් පාසල් යනවාඑක පුටුවක වාඩි වෙලා එක පැන්සල දෙකට කඩා + අකුරු කෙරුව කාලය නෑ ආයෙත් එන්නේ මං නොදුටුව නව ලෝකයෙ කිරුලු පළන් රැජින වෙලා පුංචි දුවේ නුඹ ඒ ලොව ගොඩ නගපන්නේ+,Deepika Priyadarshani,Anna Balan Idikada – අන්න බලන් ඉදිකඩ ළග,අන්න බලන් ඉදිකඩ ළඟ කොක්කු රෑන වගේ ඇවිත්,පාසල් බසය පැමින බලා සිටිනවා
R.R.Weda,"Classics,Duets,Movie Songs",Hurbet M Senevirathna,අන්න සුදෝ අර පාට වලා සන්ධ්‍යාවේ විනෝදේ ප්‍රීති කෙරේ හා ප්‍රීතී කෙරේ නැළවේවී ආදර සුළඟ වැදී යස ඕලු පිපීලා නීල ජලේ හා... නීල ජලේආලෙන් මාගේ හර්දේ පිරේ රස කෝකිල ගීතේ රාවේනී ගංගා ජලේ මල් පියලි වැටී පාවේවි කෝමල තාලේනී මංගල්ලෙකි අද ලෝක තලේ පෙම් සිහින මවාවී මාගේ ළයේ හා.මාගෙ ළයේපූජාසනේ මා ආදරයේහී මාලිනියේ මා පෙම් සිහිනේ ආවේ ළයේ සැනසීම පතා මා කීකරු ඔබ කුල භාර්යා වේ හඬ දේ හඬ දේ ඒ මාල ගිරා ගුණ ගයමින් ඔබෙ ආකාසගැබේ හා ආකාස ගැබේරමණී සොබා රමණී සොබා සිරි ආනන්දේනි අද පාවේ පාවේ ආනන්දේනි හද පිනවාලා ඔබ මාගේ ප්‍රියාවී සසරේ පවා ආලේ සදාකල් පවතීවා සුර ලෝකෙ ප්‍රසාදේ ඒය ගලා තිර ආලේ නිසා අප පූජා ප්‍රියේහා හා පූජා ප්‍රියේ,Mohideen Beg,Anna Sudo Ara – අන්න සුදෝ අර,සුර ලෝකෙ ප්‍රසාදේ ඒය ගලා ,"සතුට, දනය පැමණේවි"
Rookantha Gunathilaka,New Pop,Rookantha Gunathilaka,අංගනාවෝ ගීතේ ලීවා තාලේ දැමුවා සිහිනෙන් මට කීවා ඔබ මාගේ කියලා අංගනාවෝ රූපිකාවෝ රැගුමන් රැගුවා මට අම මී පෙව්වා ඉන්නේ ඔබේ ලෝකේ දැන් ඉන්නේ මං ඔබගේ ලෝකේමං මිනිස්‌ ලොවේ තවත් කෙනෙක්‌ නගේ කියන්නෙ මේ කතන්දරේ නෑ වෙනස්‌ වෙලා නගේ ඉතින් පුදන්නකෝ ඔයාගෙ ආදරේසීත සීත රෑක පාට පාට තාරුකාව මම කඩා ගෙනත් දෙමි නගේ ඔය සීනු සීනු මල් හිනාව දේව දුන්නෙපාට ගෑව ආදරේ මටයි නගේ°,Rookantha Gunathilaka,Anganawo – අංගනාවෝ,ඔය සීනු සීනු මල් හිනාව,"සුමිහිරි, ප්‍රසන්න සිනහව"
Janaka Fonseka,New Pop,Padmakumara Meththasena,ආනේ ගැටවුනේ නිකා ඉඳපල්ලා ළඳේ පනිට්ටුව වගේ මගේ හිත මගේම බාරී සමඟ සවාරී යන ඒ කුළුඳුල් දවස අදයිඇදේට අඩියක් තියා ගියොත් හෙම මඟුල් තුලාවෙන් වැඩක් නැතේ බොල බලා නො ඉඳ සනුහරේ රිලා රඟ රවා බලාපන් පනේ සරා සඳසුරාමේරයත් මරාගෙනයි මම කිරා වැටී නිදි මරා සිටින්නේ ගමේ නැතිව වෙන කොහේ ලගින්නද තව්තිසාවමයි මගේ කුඩා ගේ,Senanayaka Weraliyadda,Ane Gatune  – ආනේ ගැටවුනේ,ළඳේ පනිට්ටුව වගේ මගේ හිත,කිසිදා වෙනස් නොවෙනා
Priya Sooriyasena,Old Pops,A.D.S.Indrani,අඳුර නසන්නට පහනක් ලෙස දැල්වී හත්දින්නත් තරු පොකුරේ ඔබ සැඟවේමට අහිමිව යන ඔබේ සිනා කැකුලයි සමු ගන්නට බෑ හිතේ හැඟම් සසලයි හිත් රිදවන්නට සෙනෙහස මෝදු වෙලා අපි දෙන්නා අද දෙතැනක නතර වෙලාදෙසිතක සැඟවුණ සෙනෙහස මතක තියේ හඬා වැටෙන්නට අපි නොදරුවන් නොවේ මට දුන් සවියම ඔබට සවිය වේවා තහනම් බැමි නැති ලොවකදි හමුවේවා,Punsiri Soyza,Andura Nasannata – අඳුර නසන්නට,අදුර නසන්නට පහනක් ලෙස දැල්වී,මගේ දිවියට ආලෝකයක් ගෙන ආ
Rookantha Gunathilaka,New Pop,Rookantha Gunathilaka,"අනාත මාරුතේ කුණාටු සාගරේ දිවිය ති‍යෙන තුරු මගේ ඔබයි ආදරේ අනාත මාරුතේ කුණාටු සාගරේඅතීතයට වඩා පැරණි අපේ ආදරේ අපි දෙදෙනා හැඬූ හැඬුම් දනී සාගරේ + + සදා වෙනස් වෙන්න එපා මැණික මා කෙරේ දිවිය තියෙන තුරු මගේ ඔබයි ආදරේසිතරිදවන වදන් වලට හඬන්නට එපා ඇනුම් බැනුම් වලට මගේ තැවෙන්නට එපා + + සසර සරන තුරා මගෙන් මිදෙන්නට එපා"" දිවිය තියෙන තුරු මගේ ඔබයි ආදරේ+ +",Rookantha Gunathilaka,Anatha Maruthe – අනාත මාරුතේ,අනාත මාරුතේ කුණාටු සාගරේ,"රලු, දුශ්කර ගමනක්"
Rohana Dharmakeerthi,"Inspirational,New Pop",Kumara Liyanage,අන්දර යායේ වැව්තාවුල්ලේ සක්මන් කරනා අප්පච්චී දොලේ දියයි මට කෙතේ නිලයි ගහ වැලේ මලයි මට අප්පච්චීවළාකුලේ දා බිදු තවරා මහපොළවට මහ වැසි ගෙනෙනා දිවි ගමනේ ඉම කදුමුදුනේ හිද පිතු සෙනෙහේ කඳුලැලි සලනාතුරු හිස මුදුනේ මල් ඵලදා කැකුළු මුවට ඵල වැල නෙලුවා ඒ දඬු මං බැද සත්කුළු පව් බිද සිදාදියට යන මං තැනුවා,Karunaratna Divulgane,Andara Yaye – අන්දර යායේ,අන්දර යායේ වැව්තාවුල්ලේ සක්මන් කරනා අප්පච්චී,"දරුවන් වෙනුවෙන් කටුක, දුශ්කර ජීවතයක් ගත කරනා තාත්තා කෙනෙක්"
Unknown,Golden Oldies,Unknown,අම්මප මගේ හද පතුලෙන් ගලනව ආලේ කැළණි ගඟෙන් මහ මුහුදට ගලනව වාගේ ගලනව වාගේජේන් මගේ රන්තැඹිලිය ජෝන් මගේ ගොන්තැඹිලිය තැඹිලි ගහට වහපු කපුට කොර කොර ගානා එතකොට තැඹිලි ගහේ කුරුමිණියත් කොර කොර ගානා කොර කොර ගානාලස්සන ඔබ තැඹිලි ගෙඩිය වගේ සොඳ බාරියේ ලස්සන නැති දාට පිරිමි අහක බලනවා එතකොට උස්සල මම කරේ තියන් පෙරහැරෙ යනවා පෙරහැරෙ යනවා+,Saman De Silva,Ammapa Mage – අම්මප මගේ,කැළණි ගඟෙන් මහ මුහුදට ගලනව වාගේ,නිශ්චිතව සිදු වෙන
Unknown,Duets,Samantha Herath,අනන්තයක් වී ඔබේ ආදරේ ඔබේ ආදරේ මේ සුරම්‍ය පාරාදීසේ හදවතින් උමතුවූ සදානන්ද කර සරාග සුවඳ විජිතයේ+නීල දිලෙන නිම්නයේ සුමුදු සයනයේ නෙතු පියන් වැසී වැසී වැසී + ස්වප්නයක්ද මේ තරම් පුදුමවූ ඔබේ අදරේ ඔබේ අදරේකැකුළු හදින හිරිපොදේ පිපුන සීතලේ දෙතොල් පෙති ලිහී ලිහී ලිහී + මධුවිතක්ද මේ තරම් මධුරවූ ඔබේ අදරේ ඔබේ අදරේ*++ *,Chandralekha Perera,Ananthayak Wee Obe – අනන්තයක් වී ඔබේ,මේ සුරම්‍ය පාරාදීසේ ,සිතූ පැතූ සියල්ල ඇති
T.R.Papa,"Duets,Movie Songs",Karunarathna Abeysekara,අම්බරේ බලන්න පුන් සඳේ අම්බරේ බලන්න පුන් සඳේ මැදින්ම සුදු ලපේ පෙනේ රෝස මලේ නටුවෙ කටු කවුද නොදන්නේ ඇත්තමයි කියන්නෙ ඇත්තමයි ඇත්තමයි කියන්නෙ ඇත්තමයි දිවෙන් කියන්නෙ ඇත්තලූ කොහොඹ කොළේ පැණි ගෑවත් තිත්ත තිත්තලූ කලියුග කාලේ මාළු නටයි සෝඩ බෝතලේ මේ වගෙ කාලේ දෙල් හැදෙන්න බැරිද පොල් පැලේපාවෙනා කළු වලාකුළේ පාවෙනා කළු වලාකුළේ රිදී ඉරක් ඇඳී බොලේ ගොහොරු මඩේ බමරු ඇදෙන පියුම් පිපෙන්නේබිමවැටී බිඳිච්ච මුට්ටියේ බිමවැටී බිඳිච්ච මුට්ටියේ සෝදල කැළල නොයන්නේ විදුලි කොටා ගෙරෙව්වාට නැතිලු වහින්නේ,Dharmadasa Walpola,Ambare Balanna – අම්බරේ බලන්න,කලියුග කාලේ මාළු නටයි සෝඩ බෝතලේ මේ වගෙ කාලේ දෙල් හැදෙන්න බැරිද පොල් පැලේ,අනපේක්ෂිත දෙයක් සිදු වීම
C.T.Fernando,Golden Pop,Ananda Jayasena,අඹ රුක් සෙවණැල්ලේ මේ රන් ඔන්චිල්ලේ පෙම් ගී ගයමින් පදිනට එන්නේ මා සුර සියුමැලියේඋඩරට තාලෙට ඔසරිය ඇඳලා මුතු දෙපොටක් බැඳලා කණ් අග රන් තෝඩු ද ලෙලවාලා සරසවි කුමරි වගේ සුරතල් සොඳුරී මා අග රැජිණී ඔබ මගෙ සුදු සුකුමාලීදුරුතු මහේ මඳ සුළඟේ සැලෙනා අර ලා දඹ අත්තේ ගිරවිය හා ගිරවා එක තුරුළේ ඔන්චිලි පදින ලෙසේ ගෙල වට අත ලා පෙම් ගී ගයලා යමු පදිනට ඔන්චිල්ලාවතුසුදු අරලිය මාලා පළඳා ඔබ සරසමි මැණිකේ නළලේ කොපුලේ දෙතොලේ මී බී මම මත්වෙමි මැණිකේ තුරු වදුලට වී උකුළේ නැළවී අපි ගයමු අමර පෙම් ගී,C.T.Fernando,Amba ruk sevanalle – අඹ රුක් සෙවණැල්ලේ,ගිරවිය හා ගිරවා එක තුරුළේ ඔන්චිලි පදින ලෙසේ,ඉතා ආදරයෙන් කාලය ගත කරනා
Victor Rathnayaka,"Buddhist songs,Inspirational,Request",Punyasiri Mahawaththa,අමා දහර දිය ගලා ගලා තුරු ලතා තුළින් මල් පියලි සලා ජය හඬින් ලොවට සිහ නද පතුරා ලෝ සත අතරින් ජනිත වුණා අමා දහර දිය ගලා ගලා තුරු ලතා තුළින් මල් පියලි සලාසැපෙහී කිමිදී දුකෙහි ගැලීලා මැදුම් පිළිවෙතින් අමා සුව ලබා දහම් සුවඳ මල් දසතම පතුරා සියලු කෙලෙස් මැඬ බුදු වූවා සියලු කෙලෙස් මැඬ බුදු වූවාජීවිතයේ ඇති නොනිමි අතිර බව ලොවට පැතුරු කරුණාවේ අම ගුණ සියලු සතුන් වෙත දහම් රස පෙවූ කරුණාබර නෙත් නිවී ගියා කරුණාබර නෙත් නිවී ගියා,Victor Rathnayaka,Ama dahara – අමා දහර,කරුණාබර නෙත් නිවී ගියා,බුදුරදුන්ගේ පරිණිර්වානය
Sisira Senarathna,"Inspirational,Movie Songs,Request",Hurbet M Senevirathna,ම්……. ම්……. ම්……. ම්…….ආලෝකේ පතූරා මුළු ලෝකේ ඔපලා චන්ද්‍රා භෙමින් එයි නැගි ලොව මිහිර නොබලා රස සිහින පෙනීලා මගේ මැණික සුවසේ නිදී කොවුලන්ගේ මුධු ගීත සුලගින් ගෙනා සීත සුවදායකයි රෑ මෙහි ම්……. ම්……. ම්……. ම්…….සියතුන් හඬන්නේ මොණරුන් රඟන්නේ නෑ ඔවුනුත් නිදියාගනී කොඳ මල් සිනාසේ විල් නිල් ජලාශේ රණ හංසයෝ පීනති සඳකැන් බිබී නැහැවෙති කිංකිණි නොසෙල්වා නටමින් වරෙල්ලා සුර කෙල්ලනෙ ඈ නිදී මගේ මැණික සුවසේ නිදී ම්……. ම්……. ම්……. ම්………+ + + +,Sisira Senarathna,Aloke Pathura – ආලෝකේ පතූරා,කොඳ මල් සිනාසේ විල් නිල් ජලාශේ රණ හංසයෝ පීනති සඳකැන් බිබී නැහැවෙති,නිහඩ රාත්‍රිය
Madhawa Hewawasam,"Current Songs,Movie Songs,Request",Buddhika Kulasekara,ආලවන්ත නෙත් විදා මන්දහාස නංවනා සඳකින්නරී සුන්දරී මුතුපලස මත දිදුලනා මනබන්දිනී නන්දිනී මුතු පලස මත හිනැහිලා+සඳකැන් හොරෙන් මුව තවරලා මල් මල් ගවුමකින් ගත සරසලා ඉදිකඩ උඩින් තරුනෙත් වසා මතකයි තවත් අපි හිනැහුනා.. මතකයි......තවත් ඔයා හිනැහුනා..සිහිලැල් සුලං රැල්ලක එතී.. වනමල් උයන් හැරදා අප සිටී.. මතකෙන් මකා අපි පෙම්කල හැටි.. මතකයි ඔයා මං හැරගිය හැටි.. මතකයි.......තවත් ඔයා හිටිහැටී..+ ++++,Dayasiri Jayasekara,Alawantha Neth Wida – ආලවන්ත නෙත් විදා(මුතු පලස),මතකෙන් මකා අපි පෙම්කල හැටි,අප ගත කල පෙම අත හැර දමා
Kasun Kalhara,"Current Songs,Request",Sunil Ariyarathna,ආලයේ ගාථා සජ්ජායනා කලා ආලයේ මන්ත්‍ර සිය වරක් ජප කලා චණ්ඩාල වශී බන්ධනයෙන් හද බැඳ තබා සාධු තර ස්වප්නය ට නිගා දී ඔබ ගියාස්නේහයේ චුම්බනය නලල මත වගුරුවා ආලිංගනය සුරස මතක පොත පුරව්වා ප්‍රේම ආරාමයේ කැනි මඩළ බිම හෙලා සාර තර වසන්තය නිමා කර ඔබ ගියාසුපුෂ්පිත හදවතේ සුගන්ධය විහිදුවා සුරක්ෂිත දොරටුවේ සෙබළ මුළු විසුරුවා ප්‍රේමයේ.......අභය භුමියේ දි මා නසා මධුර මධු කුසලාන කඩා බිඳ ඔබ ගියා,Kasun Kalhara,Alaye Gatha – ආලයේ ගාථා,චණ්ඩාල වශී බන්ධනයෙන් හද බැඳ තබා,වංචාකර ලෙස පෙම් කිරීම
C.T.Fernando,Golden Pop,Karunarathna Abeysekara,දවස ගෙවී දැන් ටික ටික අඳුර වැටෙන්නා හිරු දෙවියෝ සිඳු දෙවඟන මුහුණ සිඹින්නා වෙහෙස වෙලා ගේ හිමියෙක් ගෙදරට එන්නා ඒ බව දුටු සොඳුර ඇවිත් ඔහු පිළිගන්නා ඔහු දරු දෙන්නා ගත එල්ලෙන්නා ආදරෙ පෙන්නා සිඹ සනසන්නාමෑණි කෙනෙක් පොඩි බබෙකුගෙ මුහුණ සිඹින්නා එළදෙන පැටියකු ළං කර ඌ ලෙව කන්නා තරුණ ලියක් කවුළුවකින් එබිල බලන්නා ඇගේ ඇඟේ සුදු සඳ රැස් එළිය වැටෙන්නා තරු හිනැහෙන්නා හිරු නොපෙනෙන්නා ඒ අසලින්නා තරුණෙක් යන්නාපෙම් යුවලක් හඳපානේ මුකුළු කරන්නා ඒ අසලම තිබෙන ගසක වැලක් එතෙන්නා උපාසිකාවක් මල් ගෙන බුදුන් වඳින්නා සුළඟ වැදීමෙන් බෝ කොළ බිමට හැලෙන්නා පන්සල් එන්නේ නැද්ද අසන්නේ ඒ විලසින්නේ සීනු වැදෙන්නේ+ + +,C.T.Fernando,Dawasa Gewee – දවස ගෙවී,හිරු දෙවියෝ සඳු දෙවඟන මුහුණ සිඹින්නා,සවස් වීම සංකේතවත් කරයි
Stanley Pieris,Old Pops,Ajantha Ranasinghe,දවසක් තියේවී වෙන් වුනු ඔබ මා නැවතත් මුණ ගැසෙනා කඳුලක් තියෙවී මා ලඟ එදිනේ ඔබේ නමින් ගලනානටුවෙන් කඩලා මල විසිකල විලසේ වරදක් නැතත් මට ඔබ පිටු පෑ දවසේ වල්මත් වුනා මා අසරණ පෙම් පියසේ මට තාම නොදැනේ මොනව වුනා දෝ අප දෙදෙනාට ප්‍රියේහිනැහෙනවා ඔබ මා හඬනා දවසේ නැලවෙනවා ඔබ ඔහු හා රස පහසේ ඔබටත් ලබාවී දවසක් මට වාගේ මට තාම නොදැනේ මොනව වුනා දෝ අප දෙදෙනාට ප්‍රියේ,Milton Mallawarachchi,Davasak Thiyewee – දවසක් තියේවී,නටුවෙන් කඩල මල විසිකළ විලසේ,වැදගත් දෙයක් ඉවත් කිරීම
Pandith Amaradewa,"Current Songs,Request",Swarna Sri Bandara,දෑතේ එල්ලී මියුරු කතා කී සුරතල් දෝණියනි කාලයෙ රියසක මහලු මගෙන් ඔබ ඈතට ගෙන යන්නේබොළඳ මියුරු බස් සවන් නිවාලූ කැකුළු සිනා රස සිත සනහාලූ අතීත සිහිනය බොඳවී දියවී ඈතට පාවෙන්නේ ඈතට පාවෙන්නේපරපුර වඩන ලෙසින් වෙහෙසෙන ඔබ ඇස නැළවූ සිත පිනවූ මතක වළාවෙන් නොපෙනෙන ඈතට වැලිබත පාවෙන්නේ වැලිබත පාවෙන්නේ,W.D.Amaradewa,Dathe Elli – දෑතේ එල්ලී,කාලයෙ රියසක මහලු මගෙන්,කාලයාගේ ඇවැමෙන් වයස් ගත වීම
Sarath De Alwis,Duets,Kularathna Ariyawansa,දෑසේ මල් විලේ ආශා රොන් සැළේ වෑහී ආදරේ චේතනා නෙත් දැලේ ආශා විල් තෙරේ පායා රන් සඳේ ඡායා පායලා මේ සැඳෑ යාමයේ දෑසේ මල් විලේ ආශා රොන් සැළේසන්සුන් නදී තෙරේ මේ මල් විමානයේ ආරාධනා රැව්දෙනා යාමයේ ආදරෙන් ළංවෙමුනිල්වන් වලා තළේ ඈතින් එහා ලොවේ ගී ගායනා විසිරෙනා මේ රැයේ ආදරෙන් හිනැහෙමු හා හා හා හ හා හා හා හා හා හා+ ++ + +,Malani Bulathsinhala,Dase Mal Vile – දෑසේ මල් විලේ,දෑසේ මල් විලේ ආශා රොන් සැළේ ,දෙනෙත මගින් ආශාවන් ඇති වේ
Rohana Baddage,Classics,Rohana Baddaga,දැසමන් මලක් වගේ ප්‍රියංකරයි සුකෝමලයි සුරංගනාවියක් වගේ අහිංසකයි රටක් වටියි කවුද......? මගෙ රත්තරන් හෙලේනා මගෙ රත්තරන් හෙලේනා මගෙ රත්තරන් හෙලේනා මගෙ රත්තරන් හෙලේනාරාජ බෝජන නැත මට දෙන්නට සීන් සිනිදු සළු නැත මට දෙන්නට ගේදොර වතුපිටි නැත ගරු සරුවට යාන්තමට ඇත දිවි රැකගන්නට කවුද.......?පසු කරමින් මහ කදුවැටි ඕවිටි පාළු සොහොන්පිටි රබර්වතු බඩවැටි ගල්මුල් වල පය පැටලී වැටි වැටි මතකයි හඳපානේ කැන්දන් ආ හැටි කවුද……..+ + + +,Rohana Baddage,Dasaman Malak (Helena) – දැසමන් මලක් (හෙලේනා),"දෑ සමන් මලක් වගෙයි, සුරංගනාවියක් වගේ","ප්‍රියකරු සුවදවත් පෙනුමක් ඇති, අහිංසක වටිනාකමින් යුතු"
Rookantha Gunathilaka,"Current Songs,Duets,Request",Ajantha Ranasinghe,දෑසම රිද්දන හසගන තාලෙට පාද නගාගෙන කවුද හැබෑටම මේ යන රන් ළන්ඳා කිව්වානාහන මේ මගෙ දෑසම ඇසිපිය නොහෙළනවා මේ හැටි ලස්සන රූ වරුනාවට ඉබේම නැවතුනු හිටි පාදෙම ඔය කී රූ වරුණා මා ගැන නම් මේ අහන්න ආසයි ආයෙම මයෙ වරුණාමල් පෙති වාගේ පාද රිදෙද්දෝ බොරළු ප‍යේ ඇනිලා මා‍ ගැන මන්දෝ මේ අනුකම්පා හිතට දුකක් දැනිලා ආලේ කුසුමෙන් මා හිත පිපිලා සුවඳ හදේ රැඳිලාපේරද නාරං බෝවිටියා දං අපට කඩා දෙයිදෝ බුරුතු පිටින් මේ වාරේ අවාරේ නෙලාන ඉන්නම් දෝ මේ ගුරු පා‍රේ මේ නෙතු ආයේ හෙටත් සිනා සෙයිදෝ,Nelu Adhikari,Dasama Riddana – දෑසම රිද්දන,මල් පෙති වාගෙ පාද රිදේදෝ,සියුමැලි පාද
Somathilaka Jayamaha,"Buddhist songs,Inspirational",Somathilaka Jayamaha,දස බිම්බර මාර සෙනග තණ්හා රති රගා සමග පළවා හල වීතරාගි බුදුන් වඩිනවා හද වෙත බුදුන් වඩිනවාසංසාරේ තෙර දකින්න බලාපොරොත්තුවෙ ඔරුවෙන් ගමන් වැඩිය අන්ගී රස බුදුන් වඩිනවා හද වෙත බුදුන් වඩිනවාසවණක් බුදු රැස් විහිදා කරුණාවේ මුදු බැල්මෙන් මුළු දියතෙහි සිසිල මවා බුදුන් වඩිනවා හද වෙත බුදුන් වඩිනවාමෙත් ගඟුලේ සෙනෙහෙ ගඟේ බුදු ගුණ ගී තරඟ නැගේ සාදු සාදු සාදු සාදු බුදුන් වඩිනවා හද වෙත බුදුන් වඩිනවා,Somathilaka Jayamaha,Dasa Bimbara Mara- දස බිම්බර මාර,බලාපොරොත්තුවෙ ඔරුවෙන්,බලාපොරොත්තුව නැමැති ඔරුවෙන් සසර සාගරයෙන් එතර වෙන්න
Ranjith Perera,Old Pops,Sunil Gunawardhana,දඟකාර ඔය දෑස දුටුවා එදා දුර ඈත පාසල් වියේ නොදැනීම අපගේම සිත් යා වුණා දසුනින්ම හසුනක් මවාඋදයේ හවා ඔබ හමු වී එදා දෙඩුවා බැඳීලා සෙනේ දෙකොපුල් විලේ හසරැල් පිපී සතුටින් කල් යා වුණාසසරේ සදා අප බැඳෙමුයි පතා වැඩුණා හදේහී සෙනේ නිලුපුල් නෙතේ හසරැල් මැකී කඳුලින්ම වෙන් වී ගියා,Sanath Nandasiri,Dangakara Oya Dasa – දඟකාර ඔය දෑස,නිලුපුල් නෙතේ හසරැල් මැකී කඳුලින්ම වෙන් වී ගියා,ඇස් වල සෙනහස නැති වී ගියා
Gunadasa Kapuge,Inspirational,Sunil Ariyarathna,දඟ ගෙයි දඬුවම් සියුමැලි වැඩි නම් අලුගෝසුවනේ එල්ලාපන් අලුගෝසුවනේ එල්ලාපන් කටු ඉඹුලේ අප එල්ලාපන්යුක්තිය උදෙසා කෑමොර දීමයි දඟගෙයි ලෑමට අප සැම කළ පව් මුකවාඩම් බැඳ එකෙකු නසන කල දනිව් සුවහසක් තව උපදින බවවරදට එරෙහිව අවි ඔසවන්නේ රටකට දැයකට හිත ඇති මිනිසුන් ශාන්තිවාදී තපස් රකින්නේ පිටකොඳු බිඳගත් ඔළ මොළ නිවටුන්,Vijaya Kumarathunga,Dangagei Danduwam – දඟ ගෙයි දඬුවම්,මුඛවාඩම් බැඳ එකෙකු නසන කල,කතා කිරීමට ඇති අයිතිය නැති කර මරා දැමීම
Rohana Weerasingha,"Duets,Movie Songs",Sunil Ariyarathna,දැල්වූ පහන් දැල්වී තිබේවා සුන් වූ පැතුම් දළු ලා වැඩේවා ළං වූ ලවන් හමු වී තිබේවා වෙන් වූ නුවන් කඳුළින් මිදේවාවිරහී හඳින් ගලන දුක් වේදනාවන් සිහිලැල් පවන් රැල්ලකින් සංසිඳේවා නොබිඳී නිර්මල ප්‍රාර්ථනාවන් පෙම්වත් ලොවක් අරුණු අහසේ දිසේවා,Chandralekha Perera,Dalwu Pahan – දැල්වූ පහන්,දැල්වූ පහන් දැල්වී තිබේවා ,යහපත් ප්‍රාර්තනා තවත් දියුණු වේවා
Amarasiri Pieris,"Classics,Request",Premakeerthi De Alwis,චාරු දේහේ නුරා මා දෑසේ මැවේ රාත්‍රියේ රෑ සඳේ ඈ සිනා ශ්‍රීය දේ චාරු දේහේ නුරාපිහින පීනා රසෝගේ සරාගී විලේ රාත්‍රි යාමයේ ඈගේ දෑසේ ප්‍රබෝධේ නුරා ගී නැගේ ජීවිතේ යෞවනේ ප්‍රේමයේ මී වනේසීත මිහිදුම් වළාවෝ වෙළීලා සඳේ තාරකාවේ මිහි තලාවේ තුසීතේ මැවේ මා හදේ ජීවිතේ යෞවනේ ප්‍රේමයේ මී වනේ,Amarasiri Peiris,Charu Dehe Nura – චාරු දේහේ නුරා,මිහි තලාවේ තුසීතේ මැවේ මා හදේ ,මා හදවතේ මිහිපිට දෙව් ලොවක් මැවේ
Rohana Weerasingha,Old Pops,Kularathna Ariyawansa,චන්ද්‍ර මඬල බැද්ද වටින් මෝදු වෙලා කළු නැන්දගෙ දුව යන්ට ගියා බැල්ම හෙලා බැල්ම හෙලාපාළු පැලේ අඳුර පිරේ මගෙ පැලට වරෙන් හනික සෝඩි නඟේදුරුතු හඳේ සිහිල වගේ තනි හිතට මගේ පාළු දැණෙයි නඟේ,Sunil Edirisinghe,Chandra Madala – චන්ද්‍ර මඬල,දුරුතු හඳේ සිහිල වගේ තනි හිතට,"සෞම්‍ය, අහිංසක ගුනයෙන් යුත්"
Narada Dissasekara,Golden Oldies,Karunarathna Abeysekara,චන්ද්‍ර බිම්බයුරු ඔබෙ වත පවසයි මෘදු හදවතක තතු ඉන්ද්‍රනීල මිණි සේම දෙනෙත් යුග නොකරමි දිනක රතුඅන්ද මන්ද දැඩි චන්ඩ සිතුම් ඇති පුඹුලන් මැද දෙරණේ ඉන්ද්‍රඛීලයක් සේ මම ඉන්නෙමි නිරතුරු ඔබ සෙවනේඅදත් සිනාසී හමුවන අයුරින් භින්න රුචික මෙලොවේ හෙටත් උදෑසන පිබිදෙන දෑසින් අප හමුවිය යුතු වේ,Narada Disasekara,Chandra bimbayuru – චන්ද්‍ර බිම්බයුරු,ඉන්ද්‍රනීල මිණි සේම දෙනෙත් යුග,"ඉන්ද්‍රනීල මාණික්‍යය වැනි දීප්තිමත්, වටිනා ඇස්"
Unknown,New Pop,Unknown,චන්ඩියා වෙලා එහෙම හිතපු කාලෙ මං පෙන්නුවානෙ මෝඩ කමට මගෙ චන්ඩි කං මට මතක් වෙලා ලැජ්ජ හිතෙනවානෙ දැං ඒව තමයි මගේ පරණ මෝඩ කංබජාර් එකේ සයිස් දමල නසාර් එක්ක ෆයිට් කරල පටර් ගාල පාර වැදිල කැපිල ගියා මං අතට දුන්න කණ පුරවල රීට පස්සෙ කටට ගහල හොඳට තිබුනු දත් සැට් එක අහිමි වුණා බංරජා වගේ අඩි හප්පල උජාරුවෙන් වැඩ පෙන්නල අජාසත්ත වී පැරදිල සවුත්තු වුණෙ මං උඩට ගිහින් බිමට වැටිල දෙකටනැමිල ගියෙ කොරවෙල මාර වැඩේ සීන් එකෙන් කැපිල ගියා බං+,Saman De Silva,Chandiya Wela – චන්ඩියා වෙලා,දෙකටනැමිල ගියෙ කොරවෙල මාර වැඩේ,අපහසු තත්වයට පත්ව ගෙදර යෑම
Kasun Kalhara,Current Songs,Chaminda Rathnasooriya,කැමීලියා මල් සුවඳට සඳ කෙමි මත් පා තිය තිය මගේ කුටියේ කවුළුදොරින් නිදි බින්ද දෑස ඒ ඔබමද සින්ඩරෙල්ලා නිදි බින්ද දෑස ඒ ඔබමද සින්ඩරෙල්ලාසකුණ ගීය සැඟවී යන පළා පැහැයෙ අළු තවරා සැන්දෑ අඳුර ගේන පවන වගේ සියුම් සරින් ඈත එපිටින් හදට වඩින් සින්ඩරෙල්ලාසුසුදු හංස පියාපතින් ගෙත්තම් කොට නිමවා ඇන්ද සිනිඳු සේද සළුව වළාකුලෙන් අතුරා යන්න ගියේ බිය හිතිලද සින්ඩරෙල්ලා,Kithsiri Jayasekara,Camillia Mal(Cinderella) – කැමීලියා මල්(සින්ඩරෙල්ලා),මගේ කුටියේ කවුළුදොරින් නිදි බින්ද දෑස ඒ ඔබමද,ජනේලය ලගින් එබී මා අඩදි කලේ ඔබද
M.K.Roksami,"Buddhist songs,Classics,Inspirational,Request",Karunarathna Abeysekara,බුදු සාමිනී සිරිපා පියුම් කරමී බැතී පිණිපා ගුණෙනී සොමී සෙත පෑ හිමී කරුණා සුවේ සතපා කරුණා සුවේ සතපා බුදු සාමිනී සිරිපා පියුම් කරමී බැතී පිණිපාකුලය වත ගොත ධනය නිල තල නොබැලු කිසි දවසේ සලකා නොබැලු කිසි දවසේ දිළිඳු අතු පැල පුරුදු රජ ගෙය සියලු තැන සමසේ සැලකූ සියලු තැන සම සේ ගුණෙනී සොමී සෙත පෑ හිමී කරුණා සුවේ සතපා කරුණා සුවේ සතපා බුදු සාමිනී සිරිපා පියුම් කරමී බැතී පිණිපාඅඳුර සිඳ බිඳ එළිය දෙන ලද දහම් ආලෝකේ දෙන ලද දහම් ආලෝකේ ඔබය තරුපති ඔබය දිනපති නිබඳ තුන් ලෝකේ දිනපති නිබඳ තුන් ලෝකේ ගුණෙනී සොමී සෙත පෑ හිමී කරුණා සුවේ සතපා කරුණා සුවේ සතපා බුදු සාමිනී සිරිපා පියුම් කරමී බැතී පිණිපා,Indrani Senarathna,Budu Samini – බුදු සාමිනී සිරිපා,ඔබය තරුපති ඔබය දිනපති නිබඳ තුන් ලෝකේ,ලෝකයේ ශ්‍රේෂ්ටතම පුද්ගලයා
Mohideen Beg,"Buddhist songs,Classics,Inspirational",Karunarathna Abeysekara,බුදුන්ගේ අමා ධර්මේ නොතේරී දනා මේ වෙලීලා බැඳී ප්‍රේමේ විනාසේ වුණා මේ බුදුන්ගේ අමා ධර්මේමලේහී වසා බමරා උරා රොන් ගනීවී එයින් උෳ පලා ගියදා මැරී ම ල්හැලේවී මෙසේ ලෝකෙ න්‍යායේ ලෙසින් වේය පාපේ වෙලීලා බැඳී ප්‍රේමේ විනාසේ වුණා මේඅස්ථීර වේ ජීවේ දනාගේ පිණිසේ ස්ථීර නෑ ලෝකේ ළඟා වේ විනාසේ සොයාලා බැලූවෝතින්පෙනේ මේ මනාසේ වෙලීලා බැඳී ප්‍රේමේ විනාසේ වුණා මේ,Mohideen Beg,Budunge ama – බුදුන්ගේ අමා,තණ අගේ පිනි සේ,අනිත්‍යතාව
D.D.Danny,"Buddhist songs,Inspirational,Request",Ashoka Kolambage,බුදු සාදු බුදු සා..දු සඳුන් ගසක් වෙන්නම් මම සමන් වැලක් වෙන්නම්ඔබගේ පාමුල සමන් වැලක්වී ඔබගේ පාමුල සමන් වැලක්වී සුවඳ මලින් සැරසෙන්නම්ඔබ වැඩි අරණේ සඳුන් ගසක්වී ඔබ වැඩි අරණේ සඳුන් ගසක්වී සිසිල සෙවන රඳවන්නම්බුදු සාදු බුදු සා………දු නෙළුම් මලක් වෙන්නම් මම නෙළුම් මලක් වෙන්නම්ඔබගේ පියවර මැනුම් ඉදිරියේ ඔබගේ පියවර මැනුම් ඉදිරියේ මුදු පා පිස්නක් වෙන්නම්,Nanda Malani,Budu Sadu sandun gasak – බුදු සාදු සඳුන් ගසක්, පියවර මැනුම් ඉදිරියේ ඔබගේ පියවර මැනුම් ඉදිරියේ මුදු පා පිස්නක් වෙන්නම්,බුදුන් සරණ යෑම
Nanda Malani,"Buddhist songs,Classics,Inspirational",Sunil Ariyarathna,බුද්ධානුභාවේන සිත් නෙත් පහන් වී මෙත් මල් පිපීලා මුදිතා ජලාසේ නංවා ප්‍රභා ලොව්තුරා රශ්මි මාලා හෙළ දෙරණ ජන ජයතු ජය මංගලානීතණ්හා උපාදාන පරිදේව වියැකී අඥාන අඳුරේ දැල්වී ප්‍රදීපේ හඬවා නුවන් දැල් මංගල්‍ය ප්‍රීතී හෙළ දෙරණ ජන ජයතු ජය මංගලානීභෘංගාවලී රාව ප්‍රතිරාව නංවා බන්දා ප්‍රශංසා ජය කේතු කේලී දසතින් ගලා ක්ෂීර පායාස ධාරා හෙළ දෙරණ ජන ජයතු ජය මංගලානී,Nanda Malani,Buddhanubhawena – බුද්ධානුභාවේන,මල් පිපීලා මුදිතා ජලාසේ,ලොවට මෛත්‍රිය පතුරුවා
Somathilaka Jayamaha,"Buddhist songs,Inspirational",Somathilaka Jayamaha,බුදු පියාණනේ ඔබේ පාද කරනෙමි පිණිපාපියෙන් පියට මිහිකත සනහා බැලූ බැලූ නෙත් සිත් බඳවා දහම් අමාවෙන් තිලොව තෙමූ බුදු පියාණනේ ඔබේ පාද කරනෙමි පිණිපාසසර සයුරකට නෞකාවයි නිමල අමිල නෙත් සිළිලාරයි ලොවේ අනගි ගුණදම් මුහුදයි බුදු පියා මගේ භවේ අඳුර නැසු මිණි පහනයිහිමියෙනි ඔබෙ මොක් මග හමුවේ හැදෙමි බැඳෙමි නැහැවෙමි නිබඳේ තිලෝ තිලක සම්බුදු සමිඳේ මම දිවා රැයේ ගිලී නහමි මියකැන් දහරේ,Somathilaka Jayamaha,Budu Piyanane – බුදු පියාණනේ,සසර සයුරකට නවුකාවයි,සසර නැමැති සාගරයෙන් මිදීමට ඇති එකම ක්‍රමයයි
Rohana Weerasingha,New Pop,Ruchira Paranawitharana,බොරළු ඇනෙන පය රිදවන වෙහෙස මදක් නිවාගන්න ඔබේ සතුටු මුහුණ අපට ටිකක් හොඳින් බලාගන්න මහත්වරුණි බදුලු ඔයෙන් කිරි කඳුලක් අපිත් ගන්න කාසි ඇතොත් මේ බෙලිමල් කඳුළු වතුර පොදක් බොන්නකැලේ ගිහින් නිදිවැරුවා... කැලේ ගිහින් නිදිවැරුවා කැපුන සඳුන් දන්ඩ දනී ඒ සඳුනින් හිත තැවරූ සුවඳ පවා සිහින වැනී අඳුරට දුක එකතු වෙලා... අඳුරට දුක එකතු වෙලා නින්ද බිඳුනු පැලට වදී අපට නැතත් බදුලු ඔයට හෙටත් උදෑසනක් වඩීරෑන ගිරව් කටුසු කොබෙයි... රෑන ගිරව් කටුසු කොබෙයි උරග නාග සපුනි වනේ නුඹට වගේමයි අපටත් දුක් පීඩා විඩා දැනේ කඳු ඉස්මත්තෙන් පාවී... කඳු ඉස්මත්තෙන් පාවී වැගිරෙන දුන්හිඳ හීනේ පුංචි එවුන්ටයි ලස්සන කිරු ගරුඩෙන් කවිය වුනේ,Deepika Priyadarshani,Boralu Anena – බොරළු ඇනෙන,කඳුළු වතුර පොදක් බොන්න,දුක් මහන්සියෙන්  උපයා ගෙන සාදන ලද
Edga Perera,"Golden Pop,Request",M.S.Fernando,බෝල බෝල මැටි එක එක ගේනව ගුවන් යානයක් වාගේ පියඹා උළුවස්සේ පොඩි ගෙයක් හදනවා කා කැන්දන් එන්නද කුඹලෝ කා කැන්දන් එන්නද කුඹලෝකොයිබට යනවද කොහෙන් ගෙනෙනවද නිවස තනන්නට මැටි අනලා පස්සෙන් එන්නද දුවගෙන එන්නද ඔබගේ තොරතුරු ගැන සොයලා ගං ඉවුරෙන්ද ගෙනෙන්නේ කවුරුද උදව් කරන්නේකාමර කීයද ගබඩා කීයද සැලසුම හැදුවෙත් නුඹම තමයි නෑදෑයන් හට එන්න කියනවද නැකතක් බැලුවද සිරිත එයයි පෙම්බර සුවඳ හමන්නේ සංගීතයකි ඇසෙන්නේ,M.S.Fernando,Bola Bola Mati – බෝල බෝල මැටි,ගුවන් යානයක් වාගේ පියඹා ,ඉතා වේගයෙන් ගමන් ගන්නා
Rookantha Gunathilaka,New Pop,Rookantha Gunathilaka,බොල් පිණි වෑහෙන වේලාවේ ඔබගෙන් සමුගෙන යායුතුවේ තාමත් ඔබ ඇත සුව නින්දේ ඒකයි මා නොකියා යන්නේ බොල් පිණි වෑහෙන වේලාවේගැල පිට නැගලා ඈත ගම් බලා පියමන් කරවන්නේ තවත් නිවහනෙක ගිමන් නිවන තුරු ඔබ සිහියට එන්නේ ඔබගෙන් සමුගෙන මා යන්නේඔබ අවදිව මා සොයනු එපා ඈතයි මා ඉන්නේ තවලම් කරුවෝ කවරමදාකද එකම තැනක ඉන්නේ,Rookantha Gunathilaka,Bol pini Wahena – බොල් පිණි වෑහෙන,බොල් පිනි වෑහෙන මේ යාමේ,හිමිදිරි උදෑසන
Rohana Weerasingha,Duets,Bandula Nanayakkarawasam,අහසයි ඔබ මට නිම් හිම් නොපෙනෙන හිනිමන් බදිනු බැරි පොළොවයි ඔබ මට තරුවක් විලසට රෑකල පතිත වෙමිගඟේ වතුර නැ ඉහලට ගලා ගියේ අසනි හඩින් නැ කදුබිම් සසල වුනේ ගඟ කවදා හෝ මුවදොර හමුවෙනවා ලොව කැළඹුන දා කදුබිම් හැකිලෙනවා‍අනාත සයුරක වැහිදිය දෝත ඔබයි අගාත අඳුරක දොල රන් සිළුව ඔබයි ඔබ මට ලඟ බව ඉදුරා මම දනිමි ඔබ වට කහවනු පවුරට මහ දුරකි,Deepika Priyadarshani,Ahasai Oba Mata – අහසයි ඔබ මට,අහසයි ඔබ මට නිම් හිම් නොපෙනෙන ඉණිමං බඳිනු බැරී,නිශ්පල ක්‍රියාවක්
H.M.Jayawardhana,Old Pops,Lushan Bulathsinhala,අහසින් තරුවක් කඩා වැටෙනවා තරුව කතා නෑ අහසයි වැළපෙන්නේ නටුවෙන් නෑඹුල් මලක් වැටෙනවා මලේ කතා නෑ සුළඟයි වැළපෙන්නේපෑහිමක් නෑ නොකෙරෙණ දීගේ සෙවණැල්ලත් ඇදලූ දවල් වැටුණු වල මෙදා වැටුණෙ රෑ හිත හොඳ වැඩිකමලූමලෙන් උපන් මල් පත්තිනි දේවී කැන්දන් එන නැකතේ ඇස් කූඩෙන් මං වතුර අදින්නම් ඔබේ මඟුල් දවසේ,Malani Bulathsinhala,Ahasin Tharuwak – අහසින් තරුවක්,දවල් වැටුණු වල මෙදා වැටුණෙ රෑ හිත හොඳ වැඩිකමලූ,දැන දැන කරදරයකට පත් වීම
Unknown,"New Pop,Request",Unknown,බෝගන්විලා මලේ ලා දම් පාට අගේ මා ලං වෙලා ඔබේ වින්දා සුවඳ හදේරන් වන් සමනලිය මල්රොන් උරන තුඩ ඔච්චම් කරයි මට මගෙ මල් කළඹ නුඹදිළිදුයි කියූ නිසා සිනිදුයි ඇගේ කතා නොදැනේ අදුර පවා සඳු එයි අපව සොයා,Ajith Mutukumarana,Boganwila Male – බෝගන්විලා මලේ,රන්වන් සමනලිය ,"අහිංසක, ලස්සන කාන්තාව"
Rohana Weerasingha,Old Pops,Yamuna Malani Perera,අහස පොළව වටපිටාව හරිම හිස්තැනක් ගහක් කොළක් දියක් නොමැති කාන්තාරයක් ඇදී එන්න ඒ මොහොතේ හඬාවැටෙන හද මඬලට ඔබයි මමයි ඉන්නා තැන කොහිද තනිකමක් නැහැනේ තනිකමක්කනට මිණක තරුවක රුව නොපෙනුනි ඔබ දකින තුරා ලොවක සිරිය නොදුටිමි මා ඔබෙ සෙනෙහස ලබන තුරාවිලක දොලක සුව නොලදිමි ඔබ මා හා රැඳෙන තුරා මලෙක සුවඳ ඇත මසිතේ ඔබ මා ළඟ සිටින තුරා+ +,Sunil Edirisinghe,Ahasa Polawa – අහස පොළව,අහස පොළව වටපිටාව හරිම හිස්තැනක්,"තනිකම, පාලුව සංකේතවත් කරයි"
Rohana Weerasingha,New Pop,Ananda Hewaranhindage,අහස නුඹ මෙතරම් සැඩ යැයි දැනුනෙ මහ වැසි වැටුනාමයි පොළොව නුඹ මෙතරම් රළු යැයි හැඟුනෙ නියඟය ආවාමයිරෑට තරු ඉසිනා අහසට අඳුරු සිත් ලැබුනේ කොහොමද නේක මල් සදනා පොළොවට නපුරු සිත් කොයිබින් ලැබුණිදනීල ඉඳුවර පෑ අහසට කඳුළු වැසි දුන්නේ කවුරුද පලා පෑ ඉසිලූ මිහිමත නියං ඇතිරූයේ කවුරුද,Deepika Priyadarshani,Ahasa Numba Metharam – අහස නුඹ මෙතරම්,අහස නුඹ මෙතරම් සැඩ යැයි දැනුනෙ මහ වැසි වැටුනාමයි,අහිංසක ඔබගේ රලු බව
Chandrakumar Kandanarachchi,"Old Pops,Request",K.D.K.Dharmawardhana,ඇගෙ සිනහව තහනම් ගෙදරින් මට තහනම් සැලවෙයි ගෙදරට ඇය හමුවුණොතින් චරපුරුෂයෝ දැන් මා වටලා යන එන හැම තැන් මුර දාලා යන එන හැම තැන් මුර දාලායාබද නිවසේ ඇය ඉන්නේ එනමුදු ගව්වක දුර වැන්නේ එනමුදු ගව්වක දුර වැන්නේ යාබද නිවසේ ඇය ඉන්නේපෙළපත කුලගොත වෙනස් වෙලා නෑදෑ පිරිවර හරස් වෙලා නෑදෑ පිරිවර හරස් වෙලා පෙළපත කුලගොත වෙනස් වෙලා,Chandrakumar Kandanarachchi,Age Sinhawa Thahanam – ඇගෙ සිනහව තහනම්,චරපුරුෂයෝ දැන් මා වටලා යන එන හැම තැන් මුර දාලා ,මා ගැන නිවසට කේලාම් කියයි
Nihal Gamhewa,Old Pops,Nihal Gamhewa,ඇහල මල් ‍පිපෙනා දෙවට දිගේ නුඹ පියමැන්නා පුන් පෝය දාක සඳ විලසින් මුහුණ පෙනෙන්නා ඈත මෑත කොතැනක හෝ කවුරුත් නොයෙනා වැට ළඟ හිඳිමින් මං එබී බලන්නම්වත්සුණු තැවරූ ගත මට අගේ නොවෙන්නා වනේ පිපුණු මලක් ලෙසට සුවඳ හමන්නා ඔමරි බැලුම් හෙලාවී මුහුණ බිමට නැමේවීබහක් නොදී ගියත් අහක බලා සිනා සී මට ම හිමී යැයි මගෙ සිත නිතර කියාවී මඟ බලමින් සැමදා ඉඳිවැට ළඟ ඉන්නම්,Chandana Liyanarachchi,Ahala Mal Pipena – ඇහැල මල් පිපෙනා,පුන් පෝයදාක සඳ විලසින් මුහුණ පෙනෙන්නා,"පිරිපුන්, සෞම්‍ය මුහුන"
Rohana Weerasingha,Current Songs,Sunil Ariyarathna,ඇගේය ඔබ දැන් ඇගේය සිරුරින් ඇගේය මගේය එනමුත් මගේය හදවත මගේය අගේය ඔබ මට අගේය කඳුළැලි නැගේය මගේය ඔබ නම් මගේය සැමදා මගේය+ +ඔබ මට ජල ධාරාවක් වගේය සීතල ජලධාරාවක් වගේය ඒ ජල ධාරාවම දැන් ඇගේය එනමුත් ජලයේ සිසිලස මගේය + ජලයේ සිසිලස මගේයඔබ මට මිනිවීනාවක් වගේය ඔකනද මිනි වීනාවක් වගේය ඒ මිනි වීනාවම දැන් ඇගේය එනමුත් වීනා නාදය මගේය + වීනා නාදය මගේය++ ++,Deepika Priyadarshani,Ageya Oba Dan – ඇගේය ඔබ දැන්,ඔබ මට ජල ධාරාවක් වගේය,"ඔබ මට ඉතා කුලුපගු, උපකාරී පුද්ගලයෙක්"
Unknown,Golden Pop,Karunarathna Abeysekara,ඈ නීල වරල පීරලා ඈ යන ගමන හැඩ වෙලා ගම්මානෙ මිහිරියාව ගමම එළි කලා පුන්සඳ රැස් කැළුම් හෙලා ඈ සුර දෙව් ලියක් වෙලා කුසුම් නටයි පවන් සල සලා සුරංගනාවි සුරංගනාවි සුපෙම්බරාවි ගම්බද විලාසිතාවීවසන්ත සමය ළං වෙලා කෝකිල නදින් මත් වෙලා සිසිල් සුළං යාවි පාවෙලා දඟ පුළුලුකුල සල සලා ඈ මග යන්නෙ හිනැහිලා නිල් නෙත් යුග මහද මත් කලාහැඩවැඩ ගමන ලලිතවේ ඔබ මුළුගමට මැණිකවේ සිනහ මුවින් හදක් සැනසුවේ සාමය සතුට රැඳිලොවේ කුමරියෙ ඔ‍බ සිතේ මැවේ නොබලා හදවත දුකින් තැවේ ලස්සන මල් කුමාරියෙ ගම එලි කල මනාලියේ ඔබ දුටු මගෙ හද පිනා ගියේ සුර ලෝකෙ සුරඟනාවියේ මගෙ හද දිනු දයාවියේ සිරි දෙව් දුව ඔබ ප්‍රියාවියේ,Dhanapala Udawaththa,Ae Neela Warala – ඈ නීල වරල,ඈ නීල වරල පීරලා ,දිගු කොණ්ඩය පීරාලා
Unknown,Duets,Unknown,ආදරයක හැඟුමක් සිතෙහි නොතිබුණු කාලෙක පෙර දිනෙහි මා හට ඔබ හමුවුණු විටදී මතකයි හද කිතිකැවුණු හැටි+දෙමාපියන් සොහොයුරන් වෙතේ හද පිදි ආදරෙ ඉමක් නැති එහෙත් ඔයා මගෙ අනාගතේ මිහිර ගෙනේවිය හැඟුම් හිතේමදහස පා හිනැහෙන විටදී සුමුදු වදන් පවසන විටදී මා හද තුල මින් පෙර නොරැඳී ආදරයක හැඟුමක් උපදී+,Malani Bulathsinhala,Adarayaka Hangumak – ආදරයක හැඟුමක්,මිහිර ගෙනේවිය හැඟුම් හිතේ,යහපතක් ගෙන එයි
Pradeep Rangana,"Current Songs,Request",Pradeep Rangana,ආදරයේ පාවෙන හැඟුමක් ජීවිතයක් සෙව්වා ආදරයේ පාවෙන හැඟුමක් ජීවිතයක් සෙව්වා පුරාණේ මගේ වූ ඔබේ ආදරේ මිරිඟුවක් තනිකමක් විතරමයිපෙම් සිහිනේ සිත සැනසූ සේයාවී ඔබ මාගේ සිත රැවටූ මායාවීමා ළඟින් ලංවෙලා ඔබ එදා කී කතා මගෙ දිළිඳු ලෝකෙ මාළිඟාවක් කළා ඒ තැනූ මාළිඟා සුන්වෙලා ගිය දිනේ අඬන්න කඳුළු ඉතිරි නොකර යන්න ඔබ කියාවස්සානයේ තනිවෙලා තුරුළු වී උණුසුමේ දෑඟිල්ලේ පැටලී උන් සැඳෑව සුන්දරයි නුඹ මගේ හැම භවේ දිව්රලා සෙනෙහසින් කී කතාව මාගෙ ලෝකෙ තනිවෙලා ගියා,Pradeep Rangana,Adaraye Pawena – ආදරයේ පාවෙන,මිරිඟුවක් තනිකමක් විතරමයි,"මිත්‍යාවක්, රැවටීමක් පමණි"
Gunadasa Kapuge,New Pop,Yamuna Malani Perera,ආදරය සුන්දර වරදකි කිසිදා සමාවක් නම් නැති මට පෙන්නලා ආලේ හැටි නුඹ දුන්නු දුක හොදටම ඇතිඉදුවර නුවන් දෑලේ වැටී පැගී දැහැනේ වෙලී උන්මාද වුයේ මා වෙනෙකෙකූ දිහා බැලුමට යලි මට නෙත් නැතැයි කෙදු‍රැවේ කවුරුන්දෝපුළුවර තාලා වීණා බදින් දැවැටී රතගැලි බැදී නින්නාදයේ අනුරා හද ස්වර තලා කම්පිත‍ වේවි මට මා පවා නැති කලේ කවුරුන්දෝ,Karunaratna Divulgane,Adaraya Sundara Waradaki – ආදරය සුන්දර වරදකි,ඉඳුවර නුවන් දෑලේ වැටී පෑහී,"ඉන්ද්‍රනීල මාණික්‍යය වැනි දීප්තිමත්, වටිනා ඇස්"
Navarathna Gamage,"Duets,Movie Songs",Upul Shantha Sannasgala,හා..හ..හ. හ..හා හා... හ.. හා...හා හ්ම්.. හ්ම්. හ්ම්.. හ්ම්ම් හ්ම් හ්ම් හ්ම් හ්ම්ම්ම්හීනයකි මට ආදරේ හැඟෙනවා මට ජීවිතේ හීනයට ළඟ ජීවිතේ හැඟෙනවා ඔබේ ආදරේවැටෙනකොට කඳුළු ඇවිලිලා සුවඳ මල් පෙති පරවෙලාසුවඳ මල් පෙති පරවෙලා වස්සාන සිහිනේ ඇවිලිලා සුසුමේ තවරා සැඟවූ සිහිනේ සුසුමේ තවරා සැඟවූ සිහිනේ ආ.... ආදරණීය වස්සානේ ආ....ආදරණීය වස්සානේ* *,Kasun Kalhara,Adaraniya Wassane – ආදරණීය වස්සානේ,හීනයකි මට ආදරේ,සැබැවක් නොවෙනා දෙයක්
Greshan Ananda,"Movie Songs,Request",K.D.K.Dharmawardhana,ආදර සීනුව පෙම්ලොව දොර ළඟ රැව් දෙන්නේ ජීවන විජිතේ ආදර දෙවඟන හිනැහෙන්නේ ලස්සන හදවත් පමණයි ආලය හඳුනන්නේ මේ ආදරයට යා හැකි දුර නෑ මා දන්නේ +සංසාරේ හුරු සුවඳයි මට ඈ ගෙන එන්නේ මාගේ දුප්පත් කමටයි ලොව එදිරිව ඉන්නේ ජය ටැඹ පෙනුනත් ජය හිමි වේදෝ නැහැ දන්නේ යා යුතු මාවත කොයි අත වේදෝ නෑ දන්නේ +කාගේ වේවා ලේ එක වාගේ දිස් වන්නේ අහසයි මුහුදයි ළං වී දෙනුවන් රවටන්නේ ආලය මායා සිහිනය වේදෝ නැහැ දන්නේ කාලය විසඳුම් දෙනතුරු ඉන්නද සිදුවන්නේ +,Greshan Ananda,Adara Seenuwa – ආදර සීනුව,ආදර සීනුව පෙම්ලොව දොර ළඟ රැව් දෙන්නේ,හිතට ප්‍රතම වරට ආලයක් ඇති වීම
Sanath Nandasiri,Old Pops,Ajantha Ranasinghe,ආදර සැමරුම් කැටිවූ නෙතු කඳුළින් මුතු පබළු නිමා කළෙමි සිහිවටනය යමුනා තීරේ..යමුනා තීරේ එවන් නිමල මැදුර බලා වඩින්න දේවියේ මහද අඳුරු ලෙන අතහැර වඩින්න දේවියේදහසක් මිණි මල් ලිය කම් පෙම පිදු වූ රන් කැටයම් යමුනාවේ තරඟ මතින් මත පිළිබිඹු වේවා චමත් කාර අතීත සඳ යළිත් ජනිත වේවාඅපගේ පෙම් පුරාවතින් දෙරණ හෙළු කඳුළු ගලා මැදුරත කිරිගරුඬ පවුරු පබා කැළුම් දේවා සනාතන වූ පෙම් සිතුවම් එහි සටහන් වේවා,Sanath Nandasiri,Adara Samarum – ආදර සැමරුම්,ආදර සැමරුම් කැටිවූ නෙතු කඳුළින් මුතු පබළු නිමා කළෙමි සිහිවටනය යමුනා තීරේ,පෙර ප්‍රේමය ගැන සිහි කරමින් තනන ලද වටිනා සිහිවටනය
Premasiri Khemadasa,"Golden Oldies,Movie Songs",Dharmasiri Gamage,ආදර නිල් දෑසේ ආදර නිල් දෑ‍සේ මැණික් රුවක් ඇඳී තිබේ ආදර නිල් දෑසේආදර මල පිපී වැනේ ඇග පෙම් හද පොකුනේ මගේ ලමැද පලඳින්නයි ඒ රන් මල පිපුණේ ආදර නිල් දෑසේ ආදර නිල් දෑ‍සේවිමානයේ කවුළු දොරින් නෙත් හී සැර විදලා කුමාරියක් කතා කරයි කාටද අත වනලා ආදර නිල් දෑසේ ආදර නිල් දෑ‍සේසිනහ දෙතොල් යහනාවේ වැතිරෙමි රස උරලා හද ලෙන් දොර වසනු මැනවි මා එහි සිර කරලා,Narada Disasekara,Adara nil dase – ආදර නිල් දෑසේ,ආදර නිල් දෑ‍සේ මැණික් රුවක් ඇඳී තිබේ,ඇයව නිතරම සිහි වේ
B.S.Perera,"Classics,Duets,Movie Songs",Sarath Wimalaweera,ආදර නදිය ගලා ආවා දෙගොඩතලා ආ පෙම සොයලා කිරි දිය කඩිති පවා ආවා තරඟ පපා මේ පෙම සොයලාවන මල තනිව ඔබේ මිහිරෙන් පිරිලා තිබේ සමනල කුමරු ඔබේ තුරුලෙන් කැපිලා පෙනේ මා ඔබේ මාලා සාලිය තුරුලේ නෑ මාලනී ඔබේ ගාමිණි උකුලේපායාලා ප්‍රේමේ ගීගේ පුරහඳ වාගෙ වසන්තේ ආදරයේ සාරේ බීලා තව පෙම් ගීත ගයන්නේ මිහිරෙහි මිහිර සොයන්නේඅග රජ මමයි ඔබේ ඔබ මා රැජිනී තමා අමතමි ඔබට මගේ පෙම් ලෝ රජිඳා කියා ආදරේ පාලා නැළවෙමු සොඳුරේ ඕ රාජයාණනි පෙම් රස ඉතිරේ,Mohideen Beg,Adara nadiya gala – ආදර නදිය ගලා,අමතමි ඔබට මගේ පෙම් ලෝ රජිඳා කියා ,පෙම් වදන් පැවසීම
Somadasa Elvitigala,"Classics,Movie Songs,Request",Dayananda Gunawardhana,ආදර හැඟුම් ආදර හැඟුම් නුපුරුදුයි මට නුපුරුදුයි ඒ හැඟුම් ආදර හැඟුම් ආදර හැඟුම් කිතිකවයි හද කිතිකවයි ඒ හැඟුම් ආදර හැඟුම් ආදර හැඟුම් ආදර හැඟුම්සැඳෑ අඳුරේ සැළෙන තරු එළි මගේ හද තුළ කරයි විමසිලි නැගෙන ගනඳුර වඩයි සිතුවිලි මේ මඟුල් රෑ බිඳෙයි ඉවසිලිකිමද ඔබ මල් කුමරියන්නේ පෙති විදා සතුටින් නොඉන්නේ රහස නැතිවද මං නොදන්නේ තුරුළෙ බමරුන් නොවෙද ඉන්නේ$$$,W.D.Amaradewa,Adara Hangum – ආදර හැඟුම්,කිමද ඔබ මල් කුමරියන්නේ,"ඉතා ප්‍රියකරු,අහිංසක කාන්තාව"
Rookantha Gunathilaka,Inspirational,Rookantha Gunathilaka,ආදර මගෙ ජේසුනී කලකින් ඔබ අමතමී කොහොමද ඔබගේ තතූ සමි‍ඳේ සිතු සිතු දේ මම කළා ඔබෙ දහමේ ගුණ නසා අද ඔබ ළඟ වැඳ වැටී හඬමීමා හසුවී මාරුතේ මඟ වැරදී මාවතේ මේ ලියමන ලියමි මා සමි‍ඳේ මහ කරුණා සාගරේ ඔබ පමණයි ආදරේ සැනසුම මට දෙන්නකෝ සමි‍ඳේජේසුනි මම ආදරෙයි ඔබෙ පෙම ඊටත් වැඩියි සැමදා මම ණයගැතියි ඔබට ඔබ දුන් හැම දේටමත් මට දුන් නැති දේ හටත් තුති පුදනෙමි ආදරෙන් සමි‍ඳේ,Rookantha Gunathilaka,Adara Mage Jesuni – ආදර මගෙ ජේසුනී,මා හසුවී මාරුතේ මඟ වැරදී මාවතේ,වැරදි ක්‍රියාවකට පෙලබී
Navarathna Gamage,Current Songs,Wasantha Kumara Kobawaka,ආදර මල් වල පාට කියන්නද ඒ වගෙ ලස්සන තව නෑ ඒ වගෙ ලස්සන තව නෑ මීදුම් පිණි පොද දෑස වසන් කළ සමනල් සිහිනය පිපුනා සමනල් සිහිනය පිපුනාදේදුණු රේඛා දෑසම තවරා තවමත් මල් සිත බලා සිටිනවා මීදුම තවරා සුළඟට ඈතක සගවා තුන් සිත දෑස හොරෙන් ඈත සොයනව අඳුර මැදින් එන්න සදලියේදේදුණු සායම දෑසම බොද කර මාලති යායක හැගිලා මාලති යායක හැගිලා සීතල හිම කඳු යායක පියමැන …… දෙව්ලිය සිහිනෙක වැඩියා දෙව්ලිය සිහිනෙක වැඩියා,Kasun Kalhara,Adara Mal Wala – ආදර මල් වල,සමනල් සිහිනය පිපුනා,ඇය කෙරෙහි ආදරයක් ඇති උනා
Unknown,Golden Pop,Unknown,ආදර දුරුතු මහේ ජීවිතයක් තිබුණා ඊලඟ බිනර මහේ තනිකම මට දැනුනා ආදර මල් පිපුනා ආදර මල් මැරුණා මා හද ඔබ පිලිරුව රදවා වෙන්වුනි අප දෙදෙනාකාලය පියඹනවා පාළුව වැලපෙනවා ජීවිතයෙන් පිරි ආදර හමුවක සැමරුම් සිහිවෙනවාඒ පෙම් සුවද ලයේ තාමත් මතක තියේ සිහිනෙක හෝ ඔබ ආයෙත් එනු මැන ඊලඟ දුරුතු මහේ+ +,Annesley Malawana,Adara Duruthu Mahe – ආදර දුරුතු මහේ,ආදර දුරුතු මහේ ජීවිතයක් තිබුණා ඊලඟ බිනර මහේ තනිකම මට දැනුනා ,මාස නවයක ප්‍රේමයක් තිබුනා
Clarence Wijewardena,Golden Pop,Clarence Wijewardena,අඩ අඳුරේ මා දෙනෙත් කවුලු හැර අලසව වැතිරී තනි යහනේ ඔබ ගැන සිතමින් බලා සිටින්නෙමි මුලු ලොව නිසලව නිදන වෙලේදහසක් කවි කල්පනා මගේ සිතෙහි හෙමිට පිළිසිඳෙහි තිබේ එක්වී ඔබ සිහිනෙක දැවටී නිනද සමඟ යහනට ඇවිදින්අලුයම බොල්පිණි තැවරී තෙත්වුනු අඳුරේ සීතල සලුව යටින් හොරෙන් හොරෙන් ඔබ යනවිට ඒ හඬ කෙමෙන් බිඳී මට නෑසී යයිනිදිමත පලවා දෙනෙත් කවුලු හැර ඔබ සොයනා මට ඔබ නොපෙනේ දහසක් කවි කල්පනා මගේ සිතෙහි යලිත් පිළිසිඳෙහි තිබේ,Clarence Wijewardena,Ada andure ma – අඩ අඳුරේ මා,බොල්පිණි තැවරී තෙත්වුනු අඳුරේ සීතල සලුව යටින්,උදෑසන සංකේතවත් කරයි
Rohana Weerasingha,Old Pops,Dharmasiri Gamage,අද දීගෙක ගිය නුඹ මට බුලත් අතක් දීලා යන්න පිටත් වූ මොහොතේ මගේ දෙපා වැඳලා එතෙක් සිනහවෙන් සිටි මා කොහෙදෝ තනි වීලා නෙතේ කඳුළු සිරකර ගෙන සිටියෙමි ඉවසාලා පුංචි නංගියේ මගේ පුංචි නංගියේ පුංචි නංගියේ මගේ පුංචි නංගියේමා සිටියත් ඉවසා ගෙන නෙතේ කඳුළු නොසලා අප දෙන්නා දිහා බලා උන් අම්මා දැකලා ඇගේ නෙතින් කඩා හැළුණු කඳුළු මතක් වීලා කවුරුත් නැති තැනකට වී හැඬුවෙමි තනි වීලා පුංචි නංගියේ මගේ පුංචි නංගියේ පුංචි නංගියේ මගේ පුංචි නංගියේ,Sunil Edirisinghe,Ada Deegeka – අද දීගෙක,එතෙක් සිනහවෙන් සිටි මා කොහෙදෝ තනි වීලා ,සහෝදර ප්‍රේමය සංකේතවත් කරයි
Stanley Pieris,"Golden Pop,Request",K.D.K.Dharmawardhana,අද හවසට මා හමු වනු මැනවී රැඟුම් බලන්නට කලාගාරයේ මගෙ මේ ඇරයුම ඉවත නොලා මගෙ මේ ඇරයුම ඉවත නොලා නර්තන රංගන සිතුවම් එනවා ඔබ එහි රස විඳිනට මැළිවෙනවා එක දවසක් හෝ ඔබ මා සමගින් රැඟුම් බලන්නට යන්නට එනු මැනකෙල්ලක සතු නිදහස සීමාවෙයි සිතු සේ දිව ඇවිදින්නට බැරිවෙයි එහෙයින් නාවත් ඇරයුම පිළිගෙන රැඟුම් බලන්නට හවසට එනු මැන,Sujatha Attanayaka,Ada Hawasata Ma- අද හවසට මා,සිතු සේ දිව ඇවිදින්නට බැරිවෙයි,සමාජයේ බලපෑම් නිසා කාන්තාව සතු නිදහස සීමා වීම